Name,% Docs Cited,Web of Science Documents,Rank,Times Cited,Category Normalized Citation Impact,Documents in Q1 Journals,Domestic Collaborations,Citation Impact,H-Index,International Collaborations,Industry Collaborations,Highly Cited Papers,Citations From Patents,Web of Science ResearcherID,% Highly Cited Papers,ORCID
"Zheng, Liang",100.0,24,1,2832,6.185166666666667,22,2,118.0,20,21,1,6,13,KBU-2616-2024,25.0,0000-0002-1464-9500
"Petersen, Ian R",92.91,127,2,2360,0.8864385826771655,106,20,18.58267716535433,29,69,1,0,0,F-6017-2011,0.0,0000-0003-4856-9450
"Lipinski, Wojciech",100.0,50,3,2123,2.096838,24,6,42.46,25,27,0,1,3,A-3700-2010,2.0,0000-0001-5478-6887
"Shames, Iman",86.36,44,4,1944,1.8757318181818183,30,12,44.18181818181818,16,25,8,2,4,G-6565-2016,4.55,0000-0001-7308-3546
"Abdin, Zainul",100.0,13,5,1723,6.2778,11,1,132.53846153846155,12,3,0,3,1,GDN-8170-2022,23.08,0000-0003-3403-6362
"Blakers, Andrew",100.0,36,6,1580,2.1375444444444445,27,7,43.888888888888886,19,6,2,1,3,FYW-1179-2022,2.78,0000-0002-0800-2276
"Sheppard, Adrian",100.0,16,7,1476,3.50016875,11,3,92.25,13,10,1,0,6,W-4050-2019,0.0,0000-0001-9792-4143
"Shirazi, Alec",92.86,14,8,1442,3.7765928571428575,12,4,103.0,13,6,0,1,0,FWA-0541-2022,7.14,
"Waller, Steven Travis",89.47,95,9,1385,0.8933463157894738,50,17,14.578947368421053,21,44,3,0,1,N-3009-2017,0.0,0000-0002-2939-2090
"Anwar, Saeed",93.75,16,10,1251,6.4244312500000005,10,7,78.1875,10,9,1,5,1,X-5224-2019,31.25,
"Stocks, Matthew",100.0,24,11,1174,2.6273125,18,4,48.916666666666664,17,3,2,1,2,JSX-8188-2023,4.17,0000-0002-4115-321X
"Yang, Nan",96.55,29,12,1063,1.6414827586206897,27,3,36.6551724137931,15,26,2,2,1,AAK-5322-2020,6.9,0000-0002-9373-5289
"Abhayapala, Thushara D",97.56,41,13,1026,1.1060609756097561,27,4,25.024390243902438,18,21,6,0,24,B-8483-2008,0.0,0000-0001-6937-7218
"Coventry, Joe",92.59,27,14,850,1.5286000000000002,18,2,31.48148148148148,12,16,1,0,0,KQU-1664-2024,0.0,0000-0003-4020-3980
"Rahbari, Alireza",100.0,47,15,839,1.4616468085106384,31,3,17.851063829787233,18,33,1,0,0,GCK-8026-2022,0.0,0000-0001-6363-739X
"Pye, John D",97.14,35,16,838,1.2669885714285714,19,6,23.942857142857143,18,14,1,0,0,A-4765-2010,0.0,0000-0001-8026-0045
"Burritt, Roger Leonard",100.0,13,17,834,1.793892307692308,13,4,64.15384615384616,12,7,0,0,0,GBJ-2403-2022,0.0,0000-0001-5156-5376
"Nguyen, Hieu",100.0,24,18,815,1.883025,20,5,33.958333333333336,10,8,0,1,1,AAG-6594-2021,4.17,0000-0003-1667-1135
"Kellett, Christopher M",96.0,25,19,759,1.269632,19,2,30.36,12,17,1,0,1,C-1815-2008,0.0,0000-0002-8309-6807
"Qin, Jiahu",100.0,5,20,758,5.62356,5,0,151.6,5,5,1,0,0,N-5701-2014,0.0,
"Pillac, Victor",100.0,2,21,733,3.477,1,0,366.5,1,1,0,0,1,I-9121-2012,0.0,0000-0003-3726-8118
"Dong, Daoyi",89.09,55,22,729,0.9395636363636364,46,6,13.254545454545454,16,44,0,0,1,K-5525-2015,0.0,0000-0002-7425-3559
"Engerer, Nicholas A.",100.0,15,23,728,2.1064200000000004,11,0,48.53333333333333,13,12,2,0,0,DXC-6288-2022,0.0,0000-0003-3966-3058
"Cuevas, Andres",100.0,7,24,705,4.361357142857143,5,1,100.71428571428571,7,6,0,1,0,ETE-5668-2022,14.29,
"Hartley, Richard",92.31,13,25,702,2.5956846153846156,11,3,54.0,10,7,0,0,2,HYA-2566-2023,0.0,
"Campbell, Dylan",100.0,7,26,699,4.906871428571429,6,1,99.85714285714286,6,5,2,1,3,GBO-4486-2022,14.29,0000-0002-4717-6850
"McKay, Brendan D.",75.0,4,27,693,6.5111,0,1,173.25,3,3,0,1,0,GBL-1396-2022,25.0,0000-0002-3553-0496
"Catchpole, Kylie",100.0,12,28,679,2.902283333333333,11,3,56.583333333333336,11,1,0,0,1,AAE-5973-2019,0.0,0000-0003-4073-3025
"Iria, Jose",94.12,17,29,638,2.7337470588235293,16,6,37.529411764705884,14,9,1,0,1,DXC-8111-2022,0.0,0000-0002-0934-1835
"Trumpf, Jochen",94.74,19,30,601,1.2508842105263158,17,2,31.63157894736842,10,15,2,0,3,ECJ-3454-2022,0.0,
"Lu, Bin",100.0,12,31,595,3.0656,9,0,49.583333333333336,11,0,0,0,0,DWY-5695-2022,0.0,0000-0002-0786-7139
"Zhou, Xiangyun",95.0,20,32,589,1.30695,18,3,29.45,11,14,0,0,1,KND-2394-2024,0.0,0000-0001-8973-9079
"Zhang, Fengyuan",100.0,15,33,580,1.97134,13,7,38.666666666666664,13,3,0,0,0,GLR-9805-2022,0.0,0000-0003-2477-5380
"Cuevas, Andres",100.0,12,34,576,1.6829333333333334,12,1,48.0,10,4,0,1,9,K-3499-2014,8.33,
"Mojiri, Ahmad",100.0,10,35,565,1.50675,9,8,56.5,7,0,0,0,0,DZP-8483-2022,0.0,0000-0001-7069-9257
"Samarasinghe, Prasanga",100.0,21,36,539,1.2284142857142857,16,0,25.666666666666668,12,10,5,0,16,GCC-7036-2022,0.0,0000-0002-5589-4203
"Hangi, Morteza",100.0,19,37,536,1.592142105263158,16,4,28.210526315789473,11,11,0,0,0,CSF-1931-2022,0.0,
"Marshall, Paul Robert",100.0,17,38,514,1.8588058823529412,14,1,30.235294117647058,8,15,1,2,3,HIO-9650-2022,11.76,0000-0002-7106-2298
"Weber, Klaus",100.0,23,39,512,0.9002217391304349,20,1,22.26086956521739,10,5,0,0,0,P-8241-2019,0.0,0000-0002-2421-6178
"Macdonald, Daniel H",100.0,43,40,509,0.5380325581395349,34,9,11.837209302325581,14,20,0,0,7,A-3794-2008,0.0,0000-0001-5792-7630
"Peng, Jun",100.0,5,41,487,4.99636,4,0,97.4,5,4,0,1,1,IZI-5432-2023,20.0,0000-0002-1044-8744
"Ratnam, Elizabeth",93.33,15,41,487,1.683166666666667,13,8,32.46666666666667,10,5,0,0,0,AAX-3402-2021,0.0,0000-0002-0874-6558
"Attarha, Ahmad",100.0,19,43,483,1.4594315789473686,14,2,25.42105263157895,12,6,0,0,0,AAY-6070-2020,0.0,0000-0003-4202-5559
"White, Thomas P",100.0,7,44,472,2.618514285714286,6,1,67.42857142857143,6,0,0,0,1,G-4292-2011,0.0,0000-0001-8493-9450
"Fong, Kean Chern",100.0,11,45,465,1.6704363636363637,10,5,42.27272727272727,9,6,1,0,3,GBH-5600-2022,0.0,0000-0002-2622-2950
"Zhang, Yan",100.0,4,46,461,3.3482250000000002,4,0,115.25,4,0,0,1,0,FYC-3104-2022,25.0,0000-0002-2902-8061
"Mills, Franklin",100.0,5,47,448,2.56656,5,0,89.6,5,2,2,1,0,A-1361-2013,20.0,
"Anderson, Brian D. O.",100.0,16,48,447,1.3344375000000002,16,0,27.9375,12,16,5,0,0,DUS-5401-2022,0.0,0000-0002-1493-4774
"Ji, Ge-Peng",100.0,5,49,446,12.26978,5,3,89.2,5,2,0,3,0,KAA-0445-2024,60.0,
"Bozorg, Mehdi V.",100.0,12,50,443,2.43455,10,0,36.916666666666664,9,9,5,1,0,EPT-7228-2022,8.33,
"Venkataraman, Mahesh",100.0,8,51,435,2.5856250000000003,7,1,54.375,8,3,0,0,0,GDG-4730-2022,0.0,0000-0002-2920-4934
"Bazaka, Kateryna",100.0,9,52,431,1.9289333333333336,7,1,47.888888888888886,9,7,0,0,1,D-8678-2011,0.0,0000-0003-2032-6377
"Xu, Tingbao",100.0,3,53,428,5.752300000000001,3,0,142.66666666666666,3,3,0,1,0,DUW-6385-2022,33.33,0000-0002-4860-1679
"Fu, Bin",89.19,37,54,426,0.7826864864864865,10,18,11.513513513513514,11,11,0,0,1,JSQ-1320-2023,0.0,0000-0002-8816-2906
"Bader, Roman",100.0,6,55,418,2.6322500000000004,4,0,69.66666666666667,6,4,0,0,0,O-5113-2015,0.0,0000-0003-2318-9355
"Mediwaththe, Chathurika",100.0,8,56,411,2.8377625,8,7,51.375,8,0,0,0,0,AAB-6931-2020,0.0,0000-0001-7273-9101
"Walter, Daniel",100.0,7,57,385,2.2264,5,2,55.0,6,4,1,0,1,DXU-0375-2022,0.0,0000-0002-4622-1912
"Liang, Weifa",100.0,5,58,376,3.32864,5,0,75.2,5,5,0,0,0,A-7108-2019,0.0,0000-0002-8207-6740
"Van Dijk, Albert",100.0,10,59,350,1.5725200000000001,10,3,35.0,7,5,1,0,0,B-3106-2011,0.0,0000-0002-6508-7480
"Jakeman, Anthony John",100.0,11,60,341,1.3171454545454546,10,6,31.0,7,2,0,0,0,P-6786-2014,0.0,0000-0003-1200-3658
"Tan, Hark Hoe",92.86,14,61,335,1.88975,8,2,23.928571428571427,10,5,0,1,0,M-1148-2015,7.14,0000-0002-7816-537X
"Lau, Roslyn A.",100.0,3,62,334,4.641333333333333,3,2,111.33333333333333,3,1,0,0,1,GCM-9726-2022,0.0,0000-0003-4828-1449
"Mahony, Robert",100.0,11,63,330,1.166909090909091,9,1,30.0,11,6,0,0,3,GDZ-9870-2022,0.0,0000-0002-7803-2868
"Tan, Ruipeng",100.0,7,64,326,1.7752142857142859,7,2,46.57142857142857,7,0,0,0,0,GBB-6889-2022,0.0,0000-0002-9613-4518
"Simsek, Y.",100.0,10,65,325,1.30815,9,1,32.5,10,8,0,0,0,HXS-1880-2023,0.0,0000-0001-9507-3963
"FONTALVO, ARMANDO",100.0,12,66,324,1.4795333333333334,6,0,27.0,8,8,0,0,0,IWV-3729-2023,0.0,0000-0002-3445-1649
"Black, Lachlan E",100.0,4,67,322,1.2841,2,1,80.5,3,2,0,1,3,A-7425-2019,25.0,0000-0002-9807-8433
"Nguyen, Hieu T.",100.0,8,68,318,1.9113000000000002,8,2,39.75,8,2,0,0,0,KEB-4126-2024,0.0,
"Riaz, Asim",100.0,7,69,307,1.8943857142857143,7,1,43.857142857142854,7,0,0,0,0,DXC-9914-2022,0.0,
"Cheng, Cheng",100.0,10,70,306,3.38194,6,0,30.6,9,0,0,1,0,GNP-1334-2022,10.0,0000-0001-6949-4131
"Everett, Vernie",100.0,5,71,294,2.23036,5,2,58.8,5,2,0,0,0,CQH-2714-2022,0.0,
"Wu, Yiliang",100.0,3,72,291,5.1005666666666665,2,1,97.0,3,1,0,1,0,AAH-7944-2021,33.33,0000-0002-5369-2130
"Pezzey, John C V",100.0,3,72,291,2.1597333333333335,2,0,97.0,3,0,0,1,0,A-8804-2015,33.33,0000-0001-6473-9355
"Barnes, Nick",90.91,11,74,287,3.5916818181818186,10,3,26.09090909090909,8,7,0,2,1,Y-2744-2018,18.18,0000-0002-9343-9535
"Croke, Barry",100.0,7,75,282,1.700314285714286,7,3,40.285714285714285,6,2,0,0,0,A-2275-2008,0.0,0000-0001-9216-1554
"Scott, Paul",94.12,17,76,279,1.1907882352941177,13,4,16.41176470588235,9,2,0,0,0,HZA-1302-2023,0.0,
"Kawaguchi, Junichiro",82.61,23,77,278,0.5177347826086957,12,10,12.08695652173913,7,5,0,0,0,CXP-3980-2022,0.0,0000-0001-8196-5194
"Thiebaux, Sylvie",100.0,11,78,276,1.2756818181818181,8,2,25.09090909090909,7,2,1,0,0,DXE-4054-2022,0.0,0000-0002-7434-3976
"Tricoli, Antonio",100.0,5,79,272,3.9556000000000004,4,3,54.4,5,1,0,1,0,C-8157-2011,20.0,0000-0003-4964-2111
"Torres, Juan Felipe",88.89,18,80,271,1.3721444444444446,12,4,15.055555555555555,9,12,0,0,0,AAK-4279-2020,0.0,0000-0002-3054-8638
"Yin, Zongyou",100.0,7,81,267,2.361671428571429,4,2,38.142857142857146,4,5,0,0,3,M-8747-2016,0.0,0000-0002-0800-4490
"Birbilis, N.",100.0,5,82,264,2.2243000000000004,4,2,52.8,4,3,0,0,0,DTU-6954-2022,0.0,0000-0002-7910-7470
"Shen, Heping",100.0,5,82,264,2.3670999999999998,4,1,52.8,5,2,0,0,0,AFL-4843-2022,0.0,0000-0002-8409-8839
"N. Lal, Niraj",100.0,2,84,261,4.9062,2,0,130.5,2,0,0,0,1,FFT-9599-2022,0.0,
"Wang, Shuang",91.67,24,85,255,0.8281375,14,8,10.625,11,6,4,0,0,GBY-1535-2022,0.0,0000-0002-2028-5299
"Lu, Yingying",100.0,4,86,250,2.6281250000000003,3,0,62.5,3,4,0,1,0,M-8460-2019,25.0,0000-0002-0199-0662
"Xia, Haiyang",76.47,17,87,247,0.7277588235294118,6,11,14.529411764705882,7,1,0,0,4,JTE-5783-2023,0.0,0000-0003-0130-7605
"Cherian, Anoop",100.0,11,88,243,1.2337909090909092,10,0,22.09090909090909,7,9,1,0,0,CLY-2315-2022,0.0,
"Wang, Er-Chien",90.91,11,88,243,1.1533636363636364,6,3,22.09090909090909,8,7,1,0,2,IXC-6299-2023,0.0,
"Phang, Sieu Pheng",90.0,20,90,242,0.702135,14,4,12.1,9,9,0,0,1,DNF-8450-2022,0.0,
"Daniell, Katherine A.",100.0,4,91,239,6.848925,3,1,59.75,4,3,0,0,0,L-1669-2019,0.0,0000-0002-8433-1012
"Fazeli, Reza",100.0,10,92,238,1.41433,7,0,23.8,10,5,1,0,0,DTO-7990-2022,0.0,0000-0002-0322-5235
"Hong, Jie",77.78,9,93,232,1.3103222222222224,3,2,25.77777777777778,6,7,0,0,1,KFX-2094-2024,0.0,0009-0000-3855-535X
"Hartley, Richard",100.0,6,94,231,1.4613500000000001,6,2,38.5,5,3,3,0,3,DXC-0624-2022,0.0,0000-0002-5005-0191
"Durrani, Salman",100.0,15,94,231,0.6706866666666667,8,0,15.4,9,9,0,0,0,G-1668-2012,0.0,0000-0002-7124-282X
"Braun, Philipp",100.0,7,94,231,1.3949142857142858,5,0,33.0,5,6,0,0,1,FYQ-4067-2022,0.0,0000-0002-9619-1483
"Samundsett, Christian",100.0,8,97,230,1.2693875000000001,6,0,28.75,7,6,0,0,0,FUX-0230-2022,0.0,
"Doolan, Matthew",100.0,6,98,227,1.1321,4,1,37.833333333333336,5,4,0,0,1,GBI-7426-2022,0.0,0000-0003-3492-3877
"Usman, Muhammad",66.67,6,99,225,2.623366666666667,5,0,37.5,4,6,0,1,2,GWE-2443-2022,16.67,0000-0002-9828-0738
"Li, Zhuofeng",100.0,15,100,224,1.1138733333333335,13,4,14.933333333333334,8,4,0,0,1,IWJ-2701-2023,0.0,
"Guillaume, Joseph",100.0,4,100,224,2.135425,4,2,56.0,4,2,0,0,0,I-6019-2014,0.0,0000-0001-6854-8708
"griffiths, ross w",100.0,9,100,224,0.9775444444444444,9,0,24.88888888888889,7,0,0,0,0,E-6121-2010,0.0,0000-0002-5291-1178
"Gosens, Jorrit",100.0,7,103,223,1.5826,5,0,31.857142857142858,6,4,0,0,0,ABE-6490-2020,0.0,0000-0003-4787-6504
"Tatar Mamaghani, Milad",100.0,7,103,223,1.9808285714285714,5,0,31.857142857142858,7,1,0,0,0,D-3932-2019,0.0,0000-0002-3953-7230
"Christen, Peter",100.0,4,105,215,2.63225,2,0,53.75,4,3,0,0,0,CMF-2191-2022,0.0,
"Compston, Paul",100.0,7,106,210,1.5106000000000002,6,3,30.0,6,1,0,0,2,DWB-9940-2022,0.0,0000-0002-0245-3017
"Wolf, Christian",100.0,6,107,208,1.3362666666666667,4,2,34.666666666666664,6,3,0,0,0,DXQ-2121-2022,0.0,0000-0002-1191-1593
"Shannon, Mark R.",100.0,8,107,208,1.0435875000000001,6,1,26.0,4,6,3,0,0,FYE-9138-2022,0.0,0000-0002-3558-1162
"Jagadish, Chennupati",60.87,23,109,207,0.7878043478260871,8,2,9.0,7,11,0,0,0,L-1957-2015,0.0,0000-0003-1528-9479
"Ong, Cheng Soon",40.0,5,109,207,1.76564,2,0,41.4,2,5,2,0,1,HMF-9418-2023,0.0,0000-0001-6402-4288
"Renzullo, Luigi J.",100.0,5,111,206,1.79496,5,1,41.2,4,2,0,0,0,DYG-9451-2022,0.0,0000-0003-3056-4109
"Duong, The Duc",100.0,4,112,200,2.096625,3,0,50.0,4,0,0,0,0,R-4797-2017,0.0,0000-0002-1298-4743
"Li, Yi",100.0,2,113,199,4.0129,1,0,99.5,2,2,1,0,3,DFD-6022-2022,0.0,
"Wang, Ye",88.89,9,113,199,1.7598666666666667,5,1,22.11111111111111,6,3,0,0,0,HNB-6918-2023,0.0,0000-0002-5061-4102
"Walker, Michael L.",80.95,21,115,198,0.4025619047619048,11,5,9.428571428571429,9,12,17,0,0,IPU-0325-2023,0.0,
"Uddin, Nasir",100.0,4,116,196,1.19845,4,0,49.0,4,3,0,0,0,AAH-6328-2020,0.0,
"Lyu, Lingjuan",100.0,2,117,188,4.2304,2,1,94.0,2,1,0,0,0,AAQ-8618-2020,0.0,0000-0003-3170-4994
"Tian, Siyuan",80.0,10,118,184,0.757,8,3,18.4,6,6,4,0,1,GNH-3708-2022,0.0,0000-0002-7688-0249
"Chih, Ying-Yi",100.0,8,119,183,0.9397375,4,2,22.875,8,6,1,0,0,GCP-9347-2022,0.0,0000-0002-6007-6790
"Wang, Xiaolin",80.95,21,119,183,1.2318666666666669,17,10,8.714285714285714,7,6,3,0,1,AAE-3950-2021,0.0,0000-0001-9217-2210
"Wang, Lei",100.0,2,121,181,3.5646,2,1,90.5,2,1,0,1,0,AAC-4422-2019,50.0,0000-0002-8600-7099
"Beck, Fiona Jean",100.0,5,122,180,3.40416,5,2,36.0,5,0,0,0,0,L-3131-2014,0.0,0000-0001-9631-938X
"Abdollahi, Abolfazl",80.0,5,123,178,2.3398000000000003,1,0,35.6,4,5,0,0,1,U-4187-2019,0.0,0000-0002-1704-4670
"Stuckelberger, Josua",88.89,9,123,178,1.292588888888889,4,4,19.77777777777778,7,4,0,0,2,AAA-4691-2020,0.0,0000-0003-2164-887X
"Madden, Steve J",100.0,6,125,175,1.8361666666666665,6,3,29.166666666666668,6,2,1,0,0,F-2401-2013,0.0,0000-0003-3146-285X
"Kreider, Peter",100.0,7,125,175,1.1161428571428573,1,0,25.0,6,3,0,0,0,O-3583-2019,0.0,0000-0001-6648-7868
"Lowe, Adrian",100.0,3,127,173,4.385666666666667,1,0,57.666666666666664,3,0,0,1,0,DVG-3389-2022,33.33,0000-0001-7641-7724
"Kerr, Ross C",100.0,7,128,169,1.0057571428571428,7,0,24.142857142857142,7,0,0,0,0,H-8315-2014,0.0,0000-0002-8022-1326
"Tsuzuki, Takuya",80.0,5,129,168,2.60908,1,1,33.6,3,2,0,1,0,GGZ-5581-2022,20.0,
"NGUYEN, TTA",100.0,1,130,160,6.148000000000001,1,0,160.0,1,0,0,0,2,FRI-8174-2022,0.0,
"Duan, Leiping",100.0,4,130,160,2.11725,1,0,40.0,4,2,0,0,0,ABG-5447-2021,0.0,0000-0001-6253-9018
"Taheri, Mahdiar",100.0,2,132,159,6.541900000000001,1,0,79.5,2,1,0,1,0,AAK-9694-2020,50.0,0000-0002-7804-0104
"Miller, Laura A.",100.0,6,132,159,1.1016833333333333,5,5,26.5,5,1,0,0,0,FZE-3420-2022,0.0,0000-0003-4242-3274
"Enge, T. Gabriel",100.0,1,134,157,12.321100000000001,1,0,157.0,1,0,0,1,0,DWX-3111-2022,100.0,0000-0001-9381-6495
"Sun, Zhehao",100.0,6,134,157,1.8187500000000003,5,0,26.166666666666668,5,5,0,0,0,T-5903-2019,0.0,0000-0001-5403-6912
"Fu, Lan",100.0,2,134,157,5.8827,2,0,78.5,2,1,0,1,0,GFF-3597-2022,50.0,0000-0002-9070-8373
"Sen, Tanuka",100.0,1,134,157,12.321100000000001,1,0,157.0,1,0,0,1,0,FUS-3976-2022,100.0,
"Rode, Andrei",100.0,4,134,157,1.1676,3,1,39.25,3,0,0,0,1,AAI-1886-2021,0.0,0000-0002-9869-9782
"Fallon, Stewart J",100.0,2,139,154,3.02595,1,0,77.0,2,2,0,0,0,G-6645-2011,0.0,0000-0002-8064-5903
"L. Molloy, Timothy",88.24,17,140,152,0.4996,12,6,8.941176470588236,7,1,2,0,0,FZN-1603-2022,0.0,0000-0002-6797-5617
"Kho, Teng",100.0,2,140,152,3.38865,2,0,76.0,2,2,1,0,1,IDK-1488-2023,0.0,
"McAnulty, Tegan",100.0,2,142,150,1.40375,0,0,75.0,2,2,0,0,1,DXJ-6226-2022,0.0,0000-0003-4247-5365
"Jotzo, Frank",100.0,3,142,150,3.6102000000000003,3,1,50.0,3,1,0,0,0,DYY-5167-2022,0.0,0000-0002-2856-847X
"Barugkin, Chog",100.0,3,144,149,1.9793666666666667,2,0,49.666666666666664,3,1,0,0,2,ELO-2001-2022,0.0,
"Hanlen, Leif",100.0,2,144,149,2.7047,0,2,74.5,2,0,0,0,0,GCD-9576-2022,0.0,0000-0002-9076-1545
"Nimalsiri, Nanduni",100.0,4,144,149,2.509775,4,4,37.25,3,0,0,0,0,GBD-6667-2022,0.0,0000-0002-9338-0596
"de Carvalho, Wilhiam C.",100.0,3,147,147,2.1453,2,1,49.0,3,2,0,1,0,IKZ-9391-2023,33.33,
"McGregor, Peter",100.0,1,148,144,1.3471,1,1,144.0,1,0,0,0,0,IGJ-9524-2023,0.0,
"White, Lee",100.0,7,148,144,1.865657142857143,6,3,20.571428571428573,5,3,0,0,0,I-6025-2019,0.0,0000-0002-2052-9142
"James, Matthew R",100.0,9,150,143,0.658088888888889,8,3,15.88888888888889,7,5,0,0,0,G-3768-2010,0.0,0000-0003-2821-0133
"Hsiao, Cody Yu-Ling",100.0,10,151,142,1.48218,8,0,14.2,6,9,0,0,0,GAU-0778-2022,0.0,0000-0003-3754-0505
"Yan, Di",100.0,5,152,141,0.7681600000000001,4,0,28.2,5,1,0,0,0,ABB-8287-2020,0.0,0000-0003-2179-3188
"Grastien, Alban",100.0,3,153,137,1.8393,2,0,45.666666666666664,2,0,0,0,0,EWU-8120-2022,0.0,
"Wang, Da",100.0,1,154,135,5.4432,1,0,135.0,1,1,1,0,1,ECT-8056-2022,0.0,
"Deniz, Vivianne",100.0,1,154,135,5.1874,1,0,135.0,1,1,0,0,1,ESB-1160-2022,0.0,
"Kingston, Andrew M",100.0,7,154,135,0.8416,5,1,19.285714285714285,6,4,0,0,0,D-2635-2009,0.0,0000-0002-0606-4094
"Gamaly, Eugene G.",100.0,2,157,132,0.6158,1,0,66.0,2,0,0,0,1,CRJ-5747-2022,0.0,
"Mahony, Robert",94.12,17,157,132,0.6516000000000001,12,2,7.764705882352941,8,13,0,0,1,FLD-1317-2022,0.0,
"Newbury, Rhys",100.0,5,157,132,2.42346,1,1,26.4,4,3,1,0,0,CCB-4882-2022,0.0,0000-0002-5791-6461
"Leung, Siu Fung",100.0,3,160,131,2.147866666666667,0,0,43.666666666666664,3,2,0,0,0,N-9819-2014,0.0,0000-0001-6417-7815
"Liu, Yun",100.0,6,160,131,1.6166666666666665,2,0,21.833333333333332,4,5,0,0,0,O-6153-2015,0.0,0000-0002-5404-3909
"Truong, Thien",83.33,6,162,130,1.6135333333333335,4,1,21.666666666666668,5,2,0,0,0,L-9245-2017,0.0,0000-0002-4082-7999
"Vaccarella, A.",100.0,2,163,129,2.3417000000000003,0,0,64.5,2,2,1,0,1,EDJ-4381-2022,0.0,
"Middleton, Jill",100.0,6,163,129,0.9035333333333333,3,4,21.5,5,1,2,0,0,FLT-8798-2022,0.0,
"Hou, Liangzhuo",100.0,1,165,128,1.1964000000000001,1,0,128.0,1,0,0,0,0,CUN-3918-2022,0.0,
"Chau, Sid Chi-Kin",100.0,8,166,127,1.4666750000000002,6,0,15.875,6,7,1,0,2,GDI-0868-2022,0.0,0000-0003-0362-2844
"Thomson, Andrew",100.0,8,167,126,0.6129125,6,1,15.75,7,2,0,0,0,GDT-8141-2022,0.0,0000-0002-0255-5793
"Nock, Richard",100.0,6,167,126,0.8448666666666668,2,0,21.0,4,5,5,0,4,DHV-2518-2022,0.0,
"Stocks, Ryan",100.0,2,167,126,4.2216000000000005,1,0,63.0,2,0,0,0,0,DVU-8641-2022,0.0,0000-0003-0654-9670
"Fu, Lan",80.0,5,170,125,1.08902,3,1,25.0,4,1,0,0,0,N-5580-2015,0.0,0000-0002-9070-8373
"Zhang, Jing",100.0,6,171,124,3.2775999999999996,6,0,20.666666666666668,5,6,1,1,0,GND-1877-2022,16.67,
"Li, Ziyuan",100.0,5,171,124,1.05448,4,1,24.8,5,2,2,0,0,ABB-6383-2021,0.0,0000-0001-9400-6902
"Anderson, Brian D. O.",80.0,20,173,123,0.8837849999999999,18,3,6.15,8,17,0,0,0,HQD-4033-2023,0.0,
"Luo, Zhenyan",100.0,2,174,121,3.06665,2,0,60.5,2,1,0,0,0,HXM-0202-2023,0.0,
"Martin, Nigel",100.0,4,175,120,1.452,4,2,30.0,4,2,0,0,0,FLV-5627-2022,0.0,
"Martín, Alberto F. AFM",85.71,7,175,120,0.5866,7,3,17.142857142857142,5,2,0,0,0,D-2761-2015,0.0,0000-0001-5751-4561
"Ernst, Marco",90.91,11,177,119,0.5740454545454545,7,2,10.818181818181818,9,4,0,0,0,GBZ-5005-2022,0.0,0000-0003-2556-6943
"Peng, Yuan",100.0,3,178,118,2.0261333333333336,3,0,39.333333333333336,3,1,0,0,0,FRE-3230-2022,0.0,
"Elliman, Robert G",100.0,6,179,115,1.1109333333333333,3,0,19.166666666666668,5,5,1,0,0,B-8542-2009,0.0,0000-0002-1304-4219
"Tang, Chunguang",100.0,3,180,113,2.9827333333333335,2,0,37.666666666666664,3,2,0,0,0,F-9038-2013,0.0,0000-0002-1048-9087
"Corr, Cormac S",100.0,8,180,113,0.6173125,5,1,14.125,6,6,2,0,0,D-3320-2013,0.0,0000-0002-1793-3873
"Tong, Jingnan",100.0,2,182,111,2.2749,1,1,55.5,2,0,0,0,0,GHG-4241-2022,0.0,
"Shadrivov, Ilya V.",100.0,2,182,111,2.1973000000000003,2,0,55.5,2,2,0,0,0,F-6228-2010,0.0,0000-0002-3325-3552
"Logie, William",100.0,4,184,108,1.84395,2,0,27.0,4,1,0,0,0,DVQ-3991-2022,0.0,0000-0003-0184-1816
"Nandi, Sanjoy Kumar",100.0,4,184,108,1.5721250000000002,2,1,27.0,4,3,0,0,0,GBO-0129-2022,0.0,0000-0003-3453-074X
"Gould, Stephen",90.0,10,186,107,0.7016700000000001,9,1,10.7,6,2,0,0,1,CSI-6280-2022,0.0,
"Hanley, Howard J. M.",100.0,2,187,106,2.01835,1,0,53.0,2,2,0,0,0,CSH-5365-2022,0.0,
"Stead, A.",100.0,1,187,106,4.0731,1,0,106.0,1,1,0,0,0,DXY-9349-2022,0.0,0000-0001-8440-4958
"Lee, Jooyoung",100.0,1,187,106,8.3187,1,0,106.0,1,1,0,0,0,FHB-2561-2022,0.0,
"Saadatfar, Mohammad",100.0,3,190,105,1.5774333333333335,3,2,35.0,3,1,0,0,0,G-2446-2015,0.0,0000-0003-1463-6985
"Saadatfar, Mohammad",100.0,5,191,104,1.25814,3,0,20.8,4,5,0,0,0,T-5276-2019,0.0,0000-0003-1463-6985
"Andrews, Richard",100.0,1,192,103,8.083300000000001,1,1,103.0,1,0,0,0,0,IJS-4076-2023,0.0,
"Wu, Nandi",100.0,1,193,102,4.1681,0,0,102.0,1,0,0,0,0,EGY-7973-2022,0.0,
"Kim, Jonghyuk",100.0,6,193,102,0.6442833333333334,1,0,17.0,6,6,0,0,0,CZY-3358-2022,0.0,
"Ma, Wentao",88.24,17,193,102,0.47477647058823536,14,3,6.0,6,0,0,0,0,JEI-6981-2023,0.0,0000-0002-0299-3486
"Turner, Katharine",100.0,1,193,102,3.8347,0,1,102.0,1,0,0,0,0,GAV-3331-2022,0.0,0000-0002-6679-7441
"Pottas, Johannes",100.0,4,197,101,1.7120250000000001,1,0,25.25,4,3,0,0,2,HSI-4376-2023,0.0,
"Zarghami, Seyed Ashkan",100.0,7,197,101,0.9416285714285715,6,1,14.428571428571429,5,0,0,0,0,AAH-2240-2020,0.0,0000-0001-7839-2794
"Kluth, Patrick",100.0,5,197,101,1.24068,2,1,20.2,4,4,1,0,0,A-1497-2008,0.0,0000-0002-1806-2432
"Liu, Yanbin",100.0,3,200,99,1.2671333333333334,3,0,33.0,2,1,0,0,0,AAE-4475-2020,0.0,0000-0003-4724-8065
"Abbasi-Shavazi, Ehsan",100.0,2,200,99,3.6792000000000002,1,0,49.5,2,2,0,0,0,EJN-7427-2022,0.0,
"Liu, Simeng",100.0,8,200,99,0.5515125,2,3,12.375,6,1,1,0,0,JZW-0265-2024,0.0,0009-0008-6865-1340
"Sheng, Yu",100.0,3,200,99,1.4617666666666669,2,0,33.0,3,3,0,0,0,ABC-2411-2020,0.0,
"Chih, Ying-Yi",100.0,8,204,98,2.3984125,8,2,12.25,6,6,0,0,0,CJV-5024-2022,0.0,
"Sio, Hang Cheong",100.0,11,204,98,0.5582818181818182,7,2,8.909090909090908,6,6,0,0,0,DYR-0626-2022,0.0,0000-0002-5872-9254
"Lv, Jinpeng",100.0,5,204,98,0.8181800000000001,1,3,19.6,4,1,0,0,0,GSG-5518-2022,0.0,0000-0001-5335-7255
"Doherty, Marcus W",100.0,2,207,97,2.5592,1,1,48.5,2,1,0,0,0,O-1222-2013,0.0,0000-0002-5473-6481
"Akhmediev, Nail",100.0,3,207,97,1.3903666666666668,2,0,32.333333333333336,3,2,0,0,0,Y-2537-2019,0.0,0000-0001-7294-8958
"Khan, Ahmed",100.0,2,207,97,1.7087,0,1,48.5,2,1,0,0,0,X-7909-2019,0.0,0000-0002-0962-1861
"Zeng, Zhuoran",100.0,1,210,96,5.655200000000001,1,0,96.0,1,1,0,0,0,ABP-5383-2022,0.0,0000-0002-6367-3881
"Iyer, Siddharth",100.0,5,210,96,1.62508,5,1,19.2,4,4,0,0,0,GLN-8087-2022,0.0,0000-0002-8034-6911
"Liu, Yun",100.0,3,210,96,2.1734333333333336,3,1,32.0,3,2,0,0,0,ITM-6167-2023,0.0,
"Wan, Yimao",100.0,4,213,94,0.8927250000000001,3,3,23.5,4,0,0,0,0,KFO-2047-2024,0.0,
"WANG, DONG",100.0,3,213,94,1.4483,2,0,31.333333333333332,3,2,0,0,0,N-8119-2014,0.0,0000-0001-9454-3126
"Nauman, Mudassar",100.0,1,215,93,3.7497000000000003,0,1,93.0,1,0,0,0,0,GQW-0643-2022,0.0,0000-0002-9658-0622
"Capezio, Alessandra",100.0,3,215,93,1.2566333333333335,1,1,31.0,3,2,0,0,0,DVG-4601-2022,0.0,0000-0003-1316-9756
"Grafton, Quentin",100.0,2,217,92,1.5116,2,0,46.0,2,2,0,0,0,AAS-2316-2021,0.0,0000-0002-0048-9083
"Nekouei, Farzin",100.0,2,218,91,2.9162500000000002,2,0,45.5,2,2,0,0,0,DLB-8610-2022,0.0,
"Han, Bolin",75.0,4,218,91,1.2693750000000001,2,2,22.75,2,0,0,0,0,IUU-3555-2023,0.0,
"Duan, Yahui",100.0,5,218,91,1.00092,3,4,18.2,5,1,0,0,0,ETP-3323-2022,0.0,
"Latham, Shane J",100.0,5,221,89,0.7745200000000001,3,2,17.8,4,2,1,0,0,D-4594-2009,0.0,0000-0001-8033-4665
"Burritt, Roger",100.0,1,221,89,3.346,1,0,89.0,1,1,0,0,0,ICO-8701-2023,0.0,
"Wurdack, Matthias",50.0,2,221,89,3.4923,2,1,44.5,1,0,0,0,0,CAJ-0625-2022,0.0,
"Buss, Wolfram",100.0,3,224,88,1.3058666666666667,2,0,29.333333333333332,3,3,0,0,0,DWG-6069-2022,0.0,0000-0002-9653-0895
"Nabavi, Ehsan",100.0,1,224,88,3.596,1,0,88.0,1,1,0,0,0,JFS-5800-2023,0.0,
"Liu, Mingkai",100.0,2,224,88,2.18475,2,0,44.0,2,2,0,0,0,AAX-7457-2020,0.0,0000-0001-9444-8794
"Huang, Keqing",100.0,1,227,86,5.0661000000000005,1,1,86.0,1,0,0,0,0,GXC-4734-2022,0.0,
"MAGUIRE, Paul D",83.33,6,228,85,0.73875,2,2,14.166666666666666,4,4,0,0,1,D-1568-2009,0.0,0000-0002-2725-4647
"Shakespeare, Callum J",100.0,4,229,83,0.792525,3,0,20.75,3,1,0,0,0,L-1839-2015,0.0,0000-0002-8109-0751
"Ingles, D.",100.0,4,230,82,0.8377,2,1,20.5,3,0,0,0,4,GEW-3145-2022,0.0,0000-0001-6043-9240
"Zhu, Peixin",100.0,2,230,82,2.4419500000000003,2,0,41.0,1,2,2,0,0,KAL-1435-2024,0.0,0000-0002-1333-147X
"Iwanaga, Takuya",100.0,4,232,81,0.965025,3,2,20.25,4,2,0,0,0,AAV-8984-2020,0.0,0000-0001-8173-0870
"Johnston, Fay H",100.0,2,233,80,1.71485,0,2,40.0,2,0,0,0,0,AFV-3685-2022,0.0,0000-0002-5150-8678
"Lal, Niraj",100.0,2,233,80,1.6891,1,0,40.0,2,1,0,0,0,INL-8338-2023,0.0,
"Lu, Haijiao",100.0,2,235,78,2.05905,2,2,39.0,2,0,0,0,0,AAG-9829-2019,0.0,0000-0001-9273-2898
"Wu, Yang",100.0,1,235,78,2.9324000000000003,1,0,78.0,1,0,0,0,0,GDH-3525-2022,0.0,0000-0001-9014-1445
"Rezvani, Mojtaba",100.0,3,237,77,1.3530666666666669,3,0,25.666666666666668,3,2,0,0,0,FSU-5888-2022,0.0,
"FRANCOIS, Nicolas",100.0,5,237,77,0.6464200000000001,4,2,15.4,5,2,3,0,0,M-7737-2017,0.0,0000-0003-1472-5945
"Goodman, Nigel",100.0,2,237,77,1.60595,2,0,38.5,2,2,0,0,0,GBC-2445-2022,0.0,0000-0002-6381-7400
"Constantinou, Navid C",100.0,4,240,76,0.9768,4,0,19.0,4,3,0,0,0,GVS-6295-2022,0.0,0000-0002-8149-4094
"Lee, Alan",100.0,1,240,76,2.9203,1,0,76.0,1,1,0,0,0,GLU-6910-2022,0.0,
"Robins, Vanessa",100.0,2,242,75,1.6662500000000002,2,0,37.5,2,1,0,0,0,A-7010-2012,0.0,0000-0001-7118-8491
"Ankiewicz, A.",100.0,4,242,75,1.0411000000000001,4,0,18.75,4,1,0,0,0,EKJ-0903-2022,0.0,
"Fusco, Zelio",100.0,2,242,75,2.67895,1,2,37.5,2,0,0,0,0,ABA-6739-2021,0.0,0000-0001-7132-2873
"Yang, Zhongshu",75.0,4,245,74,1.060275,3,2,18.5,2,0,0,0,0,GAJ-6539-2022,0.0,0000-0002-2436-551X
"guo, danlu",75.0,4,245,74,1.466,4,2,18.5,3,0,0,0,0,V-4558-2019,0.0,0000-0003-1083-1214
"Kho, Teng",100.0,7,245,74,0.6970714285714286,6,4,10.571428571428571,6,2,0,0,1,GBO-7553-2022,0.0,0000-0002-8578-323X
"Myers, Glenn R",100.0,4,245,74,0.85175,3,1,18.5,4,2,0,0,0,I-9645-2014,0.0,0000-0003-4444-8731
"Bates, Alice P.",100.0,5,249,73,0.5962,2,0,14.6,4,4,0,0,0,CEO-0856-2022,0.0,
"Anderson, Kirsten",100.0,1,249,73,3.2002,1,0,73.0,1,0,0,0,0,EKU-9133-2022,0.0,
"Delgado-Friedrichs, Olaf",100.0,3,249,73,0.9911666666666669,2,0,24.333333333333332,3,1,0,0,0,ETL-9969-2022,0.0,
Thang Nam Do,100.0,2,249,73,2.86445,1,0,36.5,2,1,0,0,0,FYY-8053-2022,0.0,0000-0002-9039-8117
"Burke, Paul J.",60.0,5,249,73,1.23486,2,1,14.6,3,2,0,0,0,G-3757-2010,0.0,0000-0003-2715-2672
Hieu Nguyen,100.0,3,254,71,1.3214666666666668,2,1,23.666666666666668,3,2,1,0,2,JSW-5128-2023,0.0,0000-0002-6223-8853
"Barnard, Amanda",100.0,1,255,68,5.3365,1,0,68.0,1,1,0,0,0,A-7340-2011,0.0,0000-0002-4784-2382
"Movassaghi, Samaneh",100.0,3,256,67,0.9557666666666668,1,2,22.333333333333332,3,1,1,0,0,FOO-9533-2022,0.0,
"Nadolny, Anna",100.0,2,257,66,2.5898000000000003,2,0,33.0,2,0,0,0,0,DHP-5725-2022,0.0,
"Stokes-Griffin, C.",100.0,2,257,66,1.8628,1,0,33.0,2,0,0,0,0,GGF-0060-2022,0.0,0000-0002-8925-5119
"Xiang, Xintao",100.0,4,257,66,0.710825,2,0,16.5,4,0,0,0,1,EHH-5634-2022,0.0,
"Wilson, George R.",100.0,2,260,65,1.2213500000000002,1,1,32.5,2,1,0,0,0,KAA-3255-2024,0.0,0000-0002-6470-3085
"Scheerlinck, Cedric",100.0,2,261,63,3.0734,2,1,31.5,2,1,0,0,1,AAU-3484-2020,0.0,0000-0003-0683-7963
"Thai, Bao",100.0,1,261,63,3.7112000000000003,1,1,63.0,1,0,0,0,0,DZK-3862-2022,0.0,
"Cheng, David",100.0,3,261,63,0.8730333333333334,2,3,21.0,3,0,0,0,0,DVZ-6511-2022,0.0,0000-0002-9356-394X
"Li, Zhe",100.0,3,261,63,1.5598,3,0,21.0,3,2,0,0,0,DDH-8956-2022,0.0,0000-0003-3562-3219
"Wenas, Yesaya C.",100.0,2,261,63,1.33305,2,0,31.5,2,0,0,0,0,GIH-7231-2022,0.0,
"Notley, Shannon M",100.0,1,266,62,2.718,0,0,62.0,1,0,0,0,0,C-5268-2008,0.0,0000-0003-4420-8332
"Thompson, Matt",80.0,5,266,62,0.54558,3,0,12.4,4,5,1,0,0,L-9153-2019,0.0,0000-0002-2354-484X
"Sham, Alison Y. W.",100.0,1,266,62,2.718,0,0,62.0,1,0,0,0,0,GBQ-7729-2022,0.0,
"Talukder, Ashis",100.0,4,266,62,0.789775,3,0,15.5,3,3,0,0,0,AAD-6004-2021,0.0,
"Choi, Duk-Yong",100.0,4,270,61,0.98535,3,1,15.25,4,3,1,0,0,KLE-3829-2024,0.0,0000-0002-5339-3085
"Chen, Yijuan",100.0,1,271,60,3.0413,1,0,60.0,1,1,0,0,0,JZX-8856-2024,0.0,0000-0001-6163-7521
"Liang, Jie",100.0,1,271,60,2.6303,1,0,60.0,1,1,0,0,0,IUU-6651-2023,0.0,0000-0002-0306-139X
"Maruyama, Yoshihiro",100.0,2,271,60,1.12305,1,0,30.0,2,0,0,0,0,FJQ-6216-2022,0.0,
"Vladimirov, Igor G.",90.0,10,274,59,0.5059600000000001,8,1,5.9,4,0,0,0,0,JFC-6862-2023,0.0,0000-0002-9355-4736
"Zhou, Yi",100.0,1,275,58,2.9399,1,0,58.0,1,1,0,0,0,CHQ-9320-2022,0.0,
"Adams, David",100.0,3,275,58,0.7337666666666668,0,0,19.333333333333332,3,0,0,0,0,CAL-9932-2022,0.0,
"Zhong, Yi",100.0,1,275,58,2.3701000000000003,1,0,58.0,1,0,0,0,0,EHB-1699-2022,0.0,0000-0002-5334-5673
"Gordon, Dan",100.0,2,275,58,1.8451,2,2,29.0,2,0,0,0,0,JAQ-9462-2023,0.0,0000-0001-9629-1794
"Attar, Farid",100.0,2,275,58,1.4700000000000002,1,0,29.0,2,1,0,0,0,CDY-8672-2022,0.0,
"Tricoli, Antonio",75.0,4,280,57,1.1186250000000002,2,0,14.25,2,3,0,0,0,GFW-9110-2022,0.0,0000-0003-4964-2111
"Ting, Valeska P",100.0,3,280,57,0.7483666666666666,3,0,19.0,3,1,0,0,0,C-8665-2011,0.0,0000-0003-3049-0939
"Tran-Phu, Thanh",100.0,1,282,56,4.3948,1,1,56.0,1,0,0,0,0,ECG-2436-2022,0.0,0000-0002-5935-3287
"Kiy, Alexander",100.0,1,282,56,4.3948,1,1,56.0,1,0,0,0,0,GBP-2775-2022,0.0,0000-0001-5480-6657
"Patrick, M. J.",100.0,2,284,55,1.0338500000000002,1,1,27.5,2,0,0,0,0,FRQ-9786-2022,0.0,
"Turner, M.",100.0,1,284,55,2.4111000000000002,1,1,55.0,1,0,0,0,0,GFZ-9986-2022,0.0,
"Walker, Iain",100.0,2,284,55,1.15955,2,2,27.5,2,0,0,0,0,G-5457-2010,0.0,0000-0002-1020-5873
"Zwikael, Ofer",100.0,4,287,54,0.837225,4,1,13.5,4,2,0,0,0,A-4199-2008,0.0,0000-0003-0750-1337
"Han, Junlin",100.0,1,287,54,2.1773000000000002,0,0,54.0,1,0,0,0,0,AEQ-7629-2022,0.0,
"Karuturi, Siva",100.0,3,287,54,1.0678666666666667,0,0,18.0,2,2,0,0,0,GCB-9349-2022,0.0,0000-0003-2119-0256
"Finnigan, John",100.0,1,290,53,2.0365,1,1,53.0,1,0,0,0,0,GDI-8362-2022,0.0,0000-0003-1073-0886
"Sommacal, Silvano",100.0,2,290,53,1.5099500000000001,0,2,26.5,2,0,0,0,0,GHR-1922-2022,0.0,0000-0003-1172-9254
"Hou, Xin",100.0,5,292,52,0.9813000000000001,4,5,10.4,4,0,0,0,0,JYZ-6324-2024,0.0,0009-0006-5421-564X
"Aisbett, Emma",100.0,3,292,52,1.8329000000000002,3,2,17.333333333333332,3,0,0,0,0,GZM-4333-2022,0.0,0000-0003-4649-3579
"Kirielle, Nishadi",100.0,1,292,52,4.080900000000001,0,0,52.0,1,1,0,0,0,HHN-3340-2022,0.0,
"Roessner, Ute",100.0,2,295,51,2.0012,1,0,25.5,2,2,0,0,0,E-9446-2015,0.0,0000-0002-6482-2615
"Trowell, Stephen",100.0,3,295,51,0.7036666666666668,2,1,17.0,3,2,0,0,0,AAG-8943-2019,0.0,
"Bluff, Elizabeth",100.0,4,295,51,0.5459750000000001,4,0,12.75,3,1,0,0,0,DUV-5190-2022,0.0,0000-0002-9796-9824
"Kurniawati, Hanna",28.57,7,298,50,0.33435714285714285,5,3,7.142857142857143,2,2,0,0,0,DCG-1242-2022,0.0,
"Doan, Tan Le Hoang",100.0,3,298,50,1.4655333333333334,2,2,16.666666666666668,3,1,0,0,0,ABL-9337-2022,0.0,0000-0001-6312-9571
"Venkatachalam, Dinesh Kumar",100.0,1,298,50,1.8798000000000001,1,0,50.0,1,1,0,0,0,ECE-0618-2022,0.0,
"Belay, Kidane",100.0,1,298,50,1.8798000000000001,1,0,50.0,1,1,0,0,0,CFS-8341-2022,0.0,
"Ma, Anson T. H.",100.0,2,298,50,1.52165,1,1,25.0,2,1,0,0,0,DTK-5315-2022,0.0,0000-0001-9301-9728
"Corry, Ben",100.0,1,303,49,1.8828,1,0,49.0,1,0,0,0,0,B-3546-2012,0.0,0000-0002-6324-442X
"Conte, Eric",100.0,1,303,49,0.5539000000000001,0,0,49.0,1,1,0,0,0,IBH-8637-2023,0.0,
"Chu, Hoang Long",100.0,1,303,49,2.4837000000000002,1,0,49.0,1,1,0,0,0,GBK-4044-2022,0.0,0000-0002-2954-0575
"Liu, Yang",75.0,4,303,49,0.6538,3,0,12.25,2,4,1,0,0,FHM-0936-2022,0.0,
"DENG, WEIJIAN",100.0,2,303,49,2.01135,2,1,24.5,2,1,0,0,0,AAT-2754-2020,0.0,0000-0003-1565-742X
"Fu, Lan",75.0,4,308,48,1.1042,4,1,12.0,2,3,1,0,0,CQH-5463-2022,0.0,
"Saunders, D.",100.0,1,309,47,2.0604,1,1,47.0,1,0,0,0,0,DRA-4007-2022,0.0,
"McRae, Ian S.",100.0,1,309,47,2.7687,1,0,47.0,1,1,0,0,0,FLN-5679-2022,0.0,
"Abadi, S. M. N. R.",100.0,6,309,47,0.7605333333333334,4,0,7.833333333333333,5,1,0,0,0,DVD-8416-2022,0.0,0000-0001-7851-4528
"Hayes, L.",100.0,2,309,47,1.8442500000000002,1,0,23.5,2,0,0,0,0,DWZ-2793-2022,0.0,0000-0003-2323-3205
"Baldwin, Kenneth",100.0,2,309,47,2.40545,2,1,23.5,2,0,0,0,0,A-4928-2008,0.0,0000-0002-2043-5330
"Fontalvo, A.",100.0,1,314,46,3.6100000000000003,1,0,46.0,1,1,0,0,0,IKU-5464-2023,0.0,
"Hamidi, Marziyeh",100.0,3,314,46,0.5661333333333334,1,0,15.333333333333334,3,1,0,0,0,DVY-0322-2022,0.0,0000-0002-1144-1085
"Zhou, Yixiao",100.0,1,314,46,2.0166,0,0,46.0,1,1,0,0,0,IYC-5157-2023,0.0,0000-0001-7712-2776
"Gao, Yunye",100.0,1,314,46,2.3317,1,1,46.0,1,0,0,0,1,ILN-9474-2023,0.0,
"Cox, Nicholas",100.0,3,314,46,0.5707,3,1,15.333333333333334,3,2,0,0,0,CMN-5433-2022,0.0,
"YU, YI",87.5,8,314,46,0.6929000000000001,1,4,5.75,4,2,1,0,0,JQI-6569-2023,0.0,0000-0002-5062-5071
"Hughes, Llewelyn",100.0,2,320,45,6.38655,2,0,22.5,2,0,0,1,0,DXR-1576-2022,50.0,0000-0002-8352-2693
"Stern, David I",100.0,2,320,45,0.9156500000000001,2,0,22.5,2,2,0,0,0,B-4700-2009,0.0,0000-0001-6595-4268
"Smith, Sean C",100.0,2,320,45,1.01825,0,0,22.5,2,2,0,0,0,H-5003-2015,0.0,0009-0008-3434-9397
"Walsh, Rick",100.0,1,320,45,1.8389,1,0,45.0,1,0,0,0,0,IIB-8542-2023,0.0,
"Beattie, James",100.0,1,324,44,1.9289,0,0,44.0,1,0,0,0,0,AAU-6049-2020,0.0,0000-0001-9199-7771
"Perriman, Diana",100.0,3,324,44,0.6645666666666666,0,3,14.666666666666666,2,0,0,0,1,DWO-6522-2022,0.0,0000-0003-1632-1768
"Wang, Qing",100.0,3,326,43,1.4932666666666667,2,1,14.333333333333334,3,1,1,0,0,GCD-4341-2022,0.0,0000-0001-9504-4273
"Jolley, Gregory",100.0,3,326,43,0.5455,3,0,14.333333333333334,3,0,0,0,0,CWF-0959-2022,0.0,
"Weir, Tony",100.0,1,326,43,0.5145000000000001,1,0,43.0,1,0,0,0,0,GCR-2598-2022,0.0,0000-0001-5423-7140
"Raman, Sujatha",100.0,1,329,42,1.5790000000000002,1,0,42.0,1,0,0,0,0,GCM-4159-2022,0.0,0000-0002-9037-5716
"Rapp, Ludovic",100.0,3,330,41,1.3512000000000002,3,1,13.666666666666666,3,1,0,0,0,C-5513-2013,0.0,0000-0002-9256-2048
"White, Thomas P.",100.0,2,330,41,1.0199,2,0,20.5,2,0,0,0,0,GHP-0696-2022,0.0,
"Li, Rachel Wei",100.0,1,330,41,1.7974,0,1,41.0,1,0,0,0,1,T-2261-2019,0.0,0000-0001-7053-7928
"Knuefing, Lydia",100.0,1,330,41,2.0782000000000003,0,1,41.0,1,0,0,0,0,FHB-1726-2022,0.0,
"Adams, D.",100.0,1,330,41,1.5754000000000001,0,0,41.0,1,1,0,0,0,CBP-4192-2022,0.0,
"Liu, Liu",100.0,1,330,41,1.7974,1,0,41.0,1,1,0,0,0,DSW-1256-2022,0.0,0000-0002-5880-5974
"Smith, David G.",100.0,1,330,41,1.6531,1,0,41.0,1,1,0,0,0,FWR-8618-2022,0.0,0000-0002-8861-129X
"Chen, Song",100.0,1,330,41,1.7974,0,1,41.0,1,0,0,0,1,EOM-5102-2022,0.0,
"Afra, Boshra",100.0,2,330,41,2.61735,1,0,20.5,2,2,0,0,0,CBO-4629-2022,0.0,
"Marshall, Virginia",100.0,1,339,40,2.0275000000000003,0,0,40.0,1,1,0,0,0,DWS-7765-2022,0.0,0000-0003-4487-4730
"Nichols, James",100.0,1,339,40,1.5038,1,0,40.0,1,1,0,0,0,JLX-1626-2023,0.0,0000-0002-1789-0818
"Blackhall, Lachlan",100.0,4,341,39,1.0957000000000001,3,0,9.75,3,1,0,0,0,DTG-8396-2022,0.0,0000-0002-3294-217X
"Vora, Kaushal",100.0,2,341,39,0.8518000000000001,2,1,19.5,2,0,0,0,0,ECV-7991-2022,0.0,
"Tan, Xin",75.0,4,341,39,1.4036,2,3,9.75,2,1,0,0,0,HJA-4548-2022,0.0,0000-0001-9515-2346
"Roberts, Stephen G",100.0,4,341,39,0.551725,2,0,9.75,3,1,0,0,0,O-6690-2015,0.0,0000-0002-6730-3108
"Sharma, Nandita",100.0,2,341,39,0.7331000000000001,1,1,19.5,2,0,0,0,21,FYZ-6003-2022,0.0,
"Mondal, Himadri Shekhar",100.0,1,341,39,2.2974,0,0,39.0,1,1,0,0,0,IXD-9150-2023,0.0,
"Akbar, Noman",100.0,3,341,39,0.7833,3,1,13.0,2,1,0,0,0,AAH-3198-2019,0.0,0000-0002-6434-0907
"Sturmberg, B. C. P.",75.0,4,348,38,0.7977000000000001,3,1,9.5,3,2,0,0,0,GGJ-2103-2022,0.0,0000-0001-9142-2855
"McAuley, Andrew K.",100.0,1,349,37,1.3433000000000002,1,0,37.0,1,0,0,0,0,IGA-2107-2023,0.0,
"Legg, Bridget R.",100.0,1,349,37,1.3433000000000002,1,0,37.0,1,0,0,0,0,DBD-6408-2022,0.0,
"Yu, Jun",100.0,1,349,37,1.3433000000000002,1,0,37.0,1,0,0,0,0,CIK-4766-2022,0.0,
"Nath, Shimul",100.0,3,349,37,1.4454666666666667,1,0,12.333333333333334,2,3,0,0,0,KGM-3775-2024,0.0,0000-0002-6302-067X
"Wang, Naiyin",100.0,3,353,36,0.4746333333333334,1,1,12.0,3,0,0,0,0,FXY-5852-2022,0.0,0000-0001-5788-9187
"Li, L.",100.0,2,353,36,0.8338000000000001,2,0,18.0,2,1,0,0,0,GMP-1452-2022,0.0,0000-0002-1589-3775
"Li, Lily",100.0,2,353,36,0.6813,2,2,18.0,2,0,0,0,1,IMJ-6168-2023,0.0,
"Ninham, Barry W.",100.0,2,353,36,0.88845,1,2,18.0,2,0,0,0,0,DVS-1951-2022,0.0,0000-0001-5706-1988
"Campbell, Ian",16.67,12,357,35,0.16154166666666667,4,1,2.9166666666666665,1,0,0,0,0,A-4941-2008,0.0,0000-0001-8578-0154
"Jolley, Greg",100.0,1,357,35,1.2707000000000002,1,0,35.0,1,0,0,0,0,CXW-3644-2022,0.0,
"Zhang, Jihua",100.0,1,357,35,1.3158,1,0,35.0,1,1,0,0,2,G-2420-2011,0.0,0000-0002-3506-6638
"Knackstedt, Mark",100.0,1,357,35,1.7741,0,0,35.0,1,1,0,0,0,ILT-5428-2023,0.0,
"Furbank, Robert T",100.0,2,357,35,0.66785,1,0,17.5,2,2,0,0,0,A-1884-2010,0.0,0000-0001-8700-6613
"Sok, R. M.",100.0,1,357,35,1.7741,0,0,35.0,1,1,0,0,0,GDB-6552-2022,0.0,
"Cappello, Jean",100.0,3,363,34,1.3125333333333333,1,0,11.333333333333334,3,1,0,0,0,CHB-8139-2022,0.0,
"Yin, Y.",100.0,1,363,34,1.4905000000000002,0,0,34.0,1,1,0,0,0,GKY-3641-2022,0.0,
"Russell, James Stanley",100.0,2,363,34,1.0801,1,0,17.0,2,1,0,0,0,EAC-0157-2022,0.0,0000-0003-1129-860X
"Bharanitharan, K.",100.0,6,363,34,0.2104166666666667,0,1,5.666666666666667,3,5,0,0,0,ELX-8610-2022,0.0,
"Edwards, Mark R.",100.0,1,367,33,1.3306,1,1,33.0,1,0,0,0,1,GBE-6509-2022,0.0,0000-0002-8283-9015
"Tong, Michael",50.0,2,367,33,0.9720000000000001,2,0,16.5,1,2,0,0,0,I-8808-2012,0.0,0000-0002-9694-9207
"Li, Chunhui",100.0,1,367,33,1.6727,1,1,33.0,1,0,0,0,0,AAD-5549-2020,0.0,0000-0002-7737-7610
"Spriggs, Matthew",100.0,1,367,33,1.268,0,1,33.0,1,0,0,0,0,GFV-4410-2022,0.0,0000-0002-7293-6778
"Downie, Christian",100.0,1,367,33,1.9440000000000002,1,0,33.0,1,1,0,0,0,DXP-7949-2022,0.0,0000-0002-1559-1814
"Easteal, S.",100.0,2,367,33,0.62035,0,2,16.5,2,0,0,0,0,GAZ-3635-2022,0.0,0000-0002-0462-502X
"Donahue, Sean",50.0,2,367,33,0.72335,0,2,16.5,1,0,0,0,0,EQL-9278-2022,0.0,
"Chen, H.",100.0,3,374,32,0.5836333333333333,2,0,10.666666666666666,3,1,1,0,0,CIM-6170-2022,0.0,
"Mao, Wei",100.0,2,374,32,1.43285,2,0,16.0,2,2,1,0,0,GEO-5589-2022,0.0,0000-0002-8876-8983
"Maclean, Kirsten",100.0,1,374,32,1.2296,1,1,32.0,1,0,0,0,0,D-3303-2009,0.0,0000-0002-5378-0245
"Karouta, Fouad",100.0,2,374,32,0.72475,2,0,16.0,2,1,0,0,0,FDG-8652-2022,0.0,
"Horsley, Andrew",100.0,1,374,32,1.2296,0,0,32.0,1,1,0,0,0,FCQ-9558-2022,0.0,
"Gao, Yuan",100.0,1,374,32,2.5113000000000003,1,1,32.0,1,0,0,0,0,JJL-5095-2023,0.0,
"Li, Li",100.0,1,374,32,12.204,1,0,32.0,1,1,0,1,0,JAU-4832-2023,100.0,
"Shi, Yingnan",100.0,2,381,31,0.80365,1,1,15.5,1,0,0,0,1,FWQ-5136-2022,0.0,
"Neshev, Dragomir N",100.0,1,381,31,1.1255,1,0,31.0,1,1,0,0,0,A-3759-2008,0.0,0000-0002-4508-8646
"Thien, Rebbecca T. Y.",100.0,2,381,31,0.6794500000000001,1,0,15.5,1,0,0,0,0,ECG-6957-2022,0.0,
"van Goor, Pieter",83.33,6,381,31,0.86265,5,0,5.166666666666667,3,4,0,0,0,CFA-4302-2022,0.0,
"Black, Lachlan E.",100.0,1,385,30,1.0891,1,1,30.0,1,0,0,0,0,ITL-2001-2023,0.0,
"Chong, Teck K.",100.0,5,385,30,0.23420000000000002,5,0,6.0,4,1,0,0,1,EOZ-8579-2022,0.0,
"Raupach, Michael R.",100.0,1,385,30,1.0891,1,1,30.0,1,0,0,0,0,IGD-3205-2023,0.0,
"Yin, Chengzhen",100.0,2,385,30,1.443,2,0,15.0,2,2,0,0,0,KDT-5780-2024,0.0,
"Salvador-Carulla, Luis",100.0,1,385,30,1.1528,1,0,30.0,1,1,0,0,0,K-6512-2013,0.0,0000-0002-5742-9866
"MacLeod, Emily",100.0,1,385,30,1.5207000000000002,1,0,30.0,1,0,0,0,0,HZL-6611-2023,0.0,
"Chan, Edward",100.0,1,391,29,1.0528,1,0,29.0,1,1,0,0,0,DTA-2959-2022,0.0,0000-0002-2786-4939
"Klerck, Michael",100.0,2,391,29,2.9899500000000003,2,2,14.5,2,0,0,0,0,GDV-2848-2022,0.0,0000-0002-6276-0211
"Keene, Toby",100.0,1,391,29,1.1143,0,0,29.0,1,1,0,0,0,HGC-3447-2022,0.0,0000-0002-6030-5151
"Quilty, Simon",100.0,2,391,29,2.9899500000000003,2,2,14.5,2,0,0,0,0,DPC-7056-2022,0.0,
"Cheng, Wenting",100.0,2,391,29,1.1675,2,0,14.5,1,0,0,0,0,DVM-7346-2022,0.0,0000-0002-7986-3946
"Davis, Vanessa Napaltjari",100.0,2,391,29,2.9899500000000003,2,2,14.5,2,0,0,0,0,GDV-6806-2022,0.0,0000-0001-9828-8038
"Birnie, Lachlan",66.67,3,391,29,0.6477,3,0,9.666666666666666,2,2,1,0,0,JDN-2389-2023,0.0,
"Riley, Bradley",100.0,2,391,29,2.9899500000000003,2,2,14.5,2,0,0,0,0,DYO-9466-2022,0.0,0000-0002-0518-1870
"Mahmoodi, Masoume",100.0,5,399,28,0.61592,3,0,5.6,3,1,0,0,0,FKZ-0141-2022,0.0,
"Jiang, Xueting",100.0,3,399,28,1.2838333333333336,3,0,9.333333333333334,3,2,0,0,0,JXM-1780-2024,0.0,
"Roderick, Michael L",100.0,2,399,28,0.56635,2,0,14.0,2,2,0,0,0,C-9621-2009,0.0,0000-0002-3630-7739
"Ward, Thomas",100.0,1,399,28,1.129,1,0,28.0,1,1,0,0,0,HVW-7143-2023,0.0,
"Howarth, P.",100.0,1,399,28,2.1974,1,0,28.0,1,0,0,0,0,CTW-4929-2022,0.0,
"van Rooyen, Brendan",100.0,1,399,28,1.2275,0,0,28.0,1,1,1,0,0,GHG-7888-2022,0.0,
"Bradby, Jodie E",100.0,4,399,28,0.402675,1,0,7.0,4,4,2,0,0,A-8963-2009,0.0,0000-0002-9560-8400
"Mozaffari, Naeimeh",100.0,2,406,27,0.5443,1,0,13.5,2,0,0,0,0,AAR-6547-2020,0.0,0000-0002-8361-6470
"Kelly, Matthew",100.0,2,406,27,0.5825,0,2,13.5,2,0,0,0,0,IVI-6385-2023,0.0,0000-0001-7963-2139
"Zhai, Haoyu",100.0,3,406,27,0.4082333333333334,3,2,9.0,3,1,0,0,0,HJI-7387-2023,0.0,
"Biggar, Oliver",100.0,2,406,27,0.8833,0,1,13.5,2,0,0,0,0,FZY-5692-2022,0.0,0000-0003-2901-541X
"Dehghani, Arvin",100.0,2,406,27,0.49335000000000007,1,2,13.5,2,0,1,0,0,ERQ-6454-2022,0.0,
"Snow, Kate",100.0,2,406,27,0.5206500000000001,2,0,13.5,2,2,0,0,0,FWX-0785-2022,0.0,
"Tennent, Rebeka",100.0,1,406,27,1.0375,1,0,27.0,1,1,0,0,0,EAF-6026-2022,0.0,
"Marina, Abramovic",100.0,1,406,27,1.0375,1,0,27.0,1,0,0,0,1,FLP-5377-2022,0.0,
"Dennis, M.",100.0,1,406,27,1.0375,1,0,27.0,1,0,0,0,1,COQ-9497-2022,0.0,
"Stacey, G.",100.0,2,406,27,0.56365,2,1,13.5,2,0,0,0,0,DYH-1120-2022,0.0,
"Ngo, Chinh",100.0,2,406,27,0.54925,0,1,13.5,2,0,0,0,0,DWW-8827-2022,0.0,0000-0003-0757-8369
"Karim, Mohammad Shahedul",100.0,3,406,27,0.36576666666666674,2,0,9.0,3,3,0,0,0,FBU-7205-2022,0.0,
"Miller, M. S.",100.0,1,406,27,1.0151000000000001,1,0,27.0,1,0,0,0,0,FND-1280-2022,0.0,0000-0001-8309-8258
"Basnet, Rabin",100.0,2,406,27,0.6265000000000001,1,1,13.5,2,1,0,0,0,AAD-5829-2020,0.0,0000-0002-0406-6918
"Cochrane, Thomas",50.0,2,406,27,0.51875,2,1,13.5,1,0,0,0,1,DVO-8529-2022,0.0,0000-0002-5210-961X
"Omran, Pouya G.",100.0,2,421,26,1.1717000000000002,2,1,13.0,1,0,0,0,0,DVR-5819-2022,0.0,0000-0002-4473-3877
"He, Jian",100.0,1,421,26,1.0625,1,1,26.0,1,0,0,0,0,DTE-8147-2022,0.0,0000-0003-3733-3063
"M. Shimly, Samiya",100.0,2,421,26,0.6071,0,2,13.0,2,0,1,0,0,GFL-3751-2022,0.0,0000-0002-0215-499X
"Tang, Canren",100.0,1,421,26,1.0625,1,0,26.0,1,1,0,0,0,GHN-1034-2022,0.0,
"Alesich, Simone",100.0,1,425,25,1.0216,0,1,25.0,1,0,0,0,0,CCT-2419-2022,0.0,
"Trifoni, Eduardo",100.0,4,425,25,0.29610000000000003,4,3,6.25,3,0,0,0,0,GCT-6651-2022,0.0,0000-0002-3040-7202
"Samundsett, Chris",100.0,1,425,25,1.096,1,0,25.0,1,1,0,0,0,FTL-4656-2022,0.0,
"König, Dirk",100.0,1,425,25,0.9399000000000001,1,0,25.0,1,1,0,0,0,C-9989-2014,0.0,0000-0001-5485-9142
"Shen, Yuchen",100.0,4,425,25,0.74455,3,0,6.25,3,0,0,0,0,DSL-6755-2022,0.0,0000-0002-2074-140X
"Shabaninejad, Mehdi",100.0,1,430,24,0.9807,0,1,24.0,1,0,1,0,0,DWG-8965-2022,0.0,0000-0003-0154-3843
"Veldkamp, J. P.",100.0,1,430,24,1.0521,1,0,24.0,1,1,0,0,0,EDE-2413-2022,0.0,
"Schroeder-Turk, Gerd E",100.0,1,430,24,0.9677,1,0,24.0,1,1,0,0,0,A-9723-2011,0.0,0000-0001-5093-415X
"Slagmolen, Bram",100.0,1,430,24,0.9677,1,0,24.0,1,1,0,0,0,AAY-1638-2020,0.0,0000-0002-2471-3828
"Ming, Yansheng",100.0,2,430,24,0.4782,2,2,12.0,2,0,1,0,0,FNO-5041-2022,0.0,
"Malagutti, Nicolo",66.67,3,430,24,0.5204666666666667,3,1,8.0,2,2,0,0,0,FKG-0972-2022,0.0,
"Gilby, F. J.",100.0,1,430,24,1.0521,1,0,24.0,1,1,0,0,0,EUR-1509-2022,0.0,
"Beeching, Levi J.",100.0,1,430,24,1.0521,1,0,24.0,1,1,0,0,0,FYT-5129-2022,0.0,0000-0001-5827-1338
"Turner, Michael",100.0,1,430,24,1.0521,1,0,24.0,1,1,0,0,0,CGV-5687-2022,0.0,
"Wang, He",100.0,1,439,23,1.8050000000000002,0,0,23.0,1,1,0,0,0,EDF-5022-2022,0.0,
"Li, Xuesong",75.0,4,439,23,0.44145,2,0,5.75,2,0,0,0,0,DBM-2434-2022,0.0,0000-0001-9295-7333
"Welsh, A. H.",100.0,2,439,23,0.44485,2,0,11.5,2,2,0,0,1,DXP-7115-2022,0.0,0000-0002-3165-9559
"Martínez, Noelia Margarita N.M Moreno",100.0,4,439,23,0.243525,2,3,5.75,3,1,0,0,0,L-4040-2014,0.0,0000-0002-9710-7933
"Nowak, Gen",100.0,2,439,23,0.44485,2,0,11.5,2,2,0,0,1,DII-4309-2022,0.0,
"Alvi, Sheeraz",100.0,1,439,23,1.0083,1,0,23.0,1,0,0,0,0,IBY-0493-2023,0.0,
"Sadat Saleh, Fatemeh",100.0,1,439,23,1.0083,1,0,23.0,1,1,0,0,0,GLP-4561-2022,0.0,
"Kilby, Philip J",100.0,5,439,23,0.53018,3,2,4.6,4,3,0,0,0,L-6808-2016,0.0,0000-0001-7349-1179
"Liu, AnYao",83.33,6,439,23,0.29265,3,2,3.8333333333333335,3,1,0,0,0,JHI-5863-2023,0.0,0000-0003-4579-5495
"Pittock, Jamie",100.0,3,439,23,0.7398666666666668,0,0,7.666666666666667,3,2,0,0,0,N-1541-2018,0.0,0000-0001-6293-996X
"Aliakbarian, Mohammad Sadegh",100.0,1,439,23,1.0083,1,0,23.0,1,1,0,0,0,EJW-6081-2022,0.0,
"Zheng, Liang",100.0,1,439,23,0.9399000000000001,1,0,23.0,1,1,0,0,0,ITN-9684-2023,0.0,
"Surve, Sachin R.",100.0,3,439,23,0.33390000000000003,2,1,7.666666666666667,3,1,0,0,0,EBO-4401-2022,0.0,
"Field, Emma",100.0,1,439,23,1.3549,1,1,23.0,1,0,0,0,0,GZE-6436-2022,0.0,0000-0002-5844-3627
"Zuo, Huanyu",66.67,3,453,22,0.432,3,0,7.333333333333333,2,1,0,0,1,AAD-4865-2021,0.0,0000-0003-2958-6001
"Susilawati, Depi",100.0,1,453,22,1.296,1,0,22.0,1,0,0,0,0,ABB-5112-2021,0.0,0000-0002-3394-6180
"Sullivan, James P",100.0,2,453,22,0.42035,2,0,11.0,2,2,0,0,0,F-3040-2011,0.0,0000-0003-4489-4926
"Jovanovic, Tom",100.0,1,453,22,0.2058,1,1,22.0,1,0,0,0,0,CWS-9756-2022,0.0,
"Kanowski, Peter J.",100.0,1,453,22,1.296,1,0,22.0,1,0,0,0,0,GBZ-4555-2022,0.0,0000-0001-8716-0282
"Flores, Alvaro",100.0,1,453,22,1.1151,1,0,22.0,1,1,0,0,0,X-1322-2019,0.0,0000-0001-8156-9458
"Macdonald, Daniel",66.67,6,453,22,0.7075333333333335,3,1,3.6666666666666665,2,3,0,0,0,GFV-8915-2022,0.0,0000-0001-5792-7630
"Siriwardhana, Manjula",100.0,3,460,21,0.4384666666666667,1,2,7.0,2,0,0,0,1,DXP-6050-2022,0.0,0000-0002-6377-6485
"FARQUHAR, GRAHAM D",100.0,1,460,21,0.8467,1,0,21.0,1,1,0,0,0,A-3722-2008,0.0,0000-0002-7065-1971
"Teo, S. H. B.",100.0,1,460,21,1.2371,0,1,21.0,1,0,0,0,0,EBF-8702-2022,0.0,
"Corr, C.",50.0,2,460,21,0.53225,2,0,10.5,1,2,0,0,0,CMH-4158-2022,0.0,
"De Camillis, S.",100.0,1,460,21,0.8069000000000001,1,0,21.0,1,1,0,0,0,DTV-5313-2022,0.0,0000-0002-8823-9643
"Raj, Shasidran",100.0,3,460,21,0.5628666666666667,0,1,7.0,3,1,0,0,0,GDQ-0004-2022,0.0,0000-0002-2526-7794
"MacLean, Francesca L.",100.0,1,460,21,0.2513,0,1,21.0,1,0,0,0,0,DVX-6065-2022,0.0,0000-0002-3221-7971
"Alabadla, Ahmed",100.0,1,467,20,1.0138,1,0,20.0,1,0,0,0,0,CAS-9445-2022,0.0,
"Kalyanasundaram, Shankar",100.0,2,467,20,0.39465,0,0,10.0,2,0,0,0,0,CYB-3097-2022,0.0,
"Poyago-Theotoky, Joanna",100.0,1,467,20,1.1782000000000001,1,0,20.0,1,1,0,0,0,AAV-1132-2020,0.0,0000-0003-2957-6612
"Ross, Andrew",80.0,5,467,20,0.75666,2,0,4.0,3,2,0,0,0,DYG-0289-2022,0.0,0000-0001-7005-9962
"Simon, Christian",100.0,2,467,20,0.39765,1,1,10.0,2,0,0,0,2,AAD-5751-2022,0.0,
"Abifarin, Johnson",100.0,2,467,20,0.7848,0,1,10.0,2,0,0,0,0,AAR-4617-2021,0.0,
"Kang, Di",100.0,3,467,20,0.3927333333333333,0,1,6.666666666666667,2,2,0,0,0,AAX-3294-2021,0.0,
"Lukasiewicz, Anna",100.0,1,467,20,0.8064,1,0,20.0,1,0,0,0,0,DWG-2298-2022,0.0,0000-0002-6517-9297
"Rodrigues-Neto, Jose A.",100.0,1,467,20,1.1782000000000001,1,0,20.0,1,1,0,0,0,DYJ-6419-2022,0.0,0000-0002-4245-812X
"Djakovic, Una",100.0,1,467,20,1.5696,0,0,20.0,1,1,0,0,0,DVI-5497-2022,0.0,0000-0002-7455-9670
"Evans, Nicholas",75.0,4,467,20,0.7044250000000001,3,0,5.0,2,1,0,0,0,DVJ-9249-2022,0.0,0000-0002-3330-0224
"Deng, Quanling",100.0,2,467,20,0.4701,1,0,10.0,2,1,0,0,0,Q-6393-2017,0.0,0000-0002-6159-1233
"Xiao, P.",100.0,1,467,20,0.7685000000000001,1,0,20.0,1,1,0,0,0,GCL-2363-2022,0.0,0000-0001-5393-7225
"N. Zehmakan, Ahad",100.0,2,467,20,0.5603,0,0,10.0,2,0,0,0,0,CKU-9920-2022,0.0,
"Surve, Sachin",100.0,2,481,19,0.36945,2,0,9.5,2,1,1,0,0,GDE-4628-2022,0.0,
"Silalahi, David Firnando",100.0,2,481,19,0.8046,0,0,9.5,2,0,0,0,0,ITU-1707-2023,0.0,
"Mutimbu, Lawrence",100.0,2,481,19,0.39535,2,2,9.5,2,0,0,0,0,FRC-2318-2022,0.0,
"TIDEMANN, C",100.0,1,481,19,0.9631000000000001,0,0,19.0,1,0,0,0,0,DYC-8571-2022,0.0,0000-0003-1994-2543
"Doran, Bruce J",100.0,1,481,19,0.9631000000000001,0,0,19.0,1,0,0,0,0,A-4946-2008,0.0,0000-0002-4214-2205
"Markham, Francis",100.0,1,481,19,0.9631000000000001,0,0,19.0,1,0,0,0,0,H-5471-2019,0.0,0000-0002-4266-2569
"Hunt, Janet",100.0,1,481,19,2.6135,1,1,19.0,1,0,0,0,0,FAM-9374-2022,0.0,
"Christensen, Nelson",100.0,2,481,19,0.44810000000000005,1,1,9.5,2,0,0,0,0,AAH-9184-2019,0.0,0000-0002-6870-4202
"Seidl, Christopher",100.0,1,481,19,1.1193,0,0,19.0,1,1,0,0,0,GDA-6778-2022,0.0,0000-0002-1770-1925
"Lu, Teng",100.0,2,490,18,0.5784,1,0,9.0,2,2,0,0,0,AAV-4939-2021,0.0,0000-0002-7982-3370
"Xu, Zhiwei",100.0,1,490,18,0.6917,0,0,18.0,1,0,0,0,0,HKS-2105-2023,0.0,0000-0003-4878-3457
"Manamperi, Wageesha",100.0,1,490,18,2.476,1,0,18.0,1,0,0,0,0,KHU-1442-2024,0.0,
"Babanin, A.",50.0,2,490,18,0.66125,0,0,9.0,1,2,0,0,0,ELJ-4199-2022,0.0,
"Ball, Rowena",100.0,2,490,18,0.34255,2,0,9.0,2,0,0,0,0,A-5973-2008,0.0,0000-0002-3551-3012
"Mallmann, Guilherme",100.0,2,490,18,0.36615,0,1,9.0,2,1,0,0,0,FKQ-1806-2022,0.0,
"Ma, Wentao",100.0,3,490,18,1.1504,3,3,6.0,2,0,0,0,0,JEI-1088-2023,0.0,0000-0003-3059-6629
"Popescu, Dan C",100.0,3,490,18,0.25856666666666667,2,2,6.0,3,0,0,0,0,B-9985-2011,0.0,0000-0001-6749-0567
"Cockburn, Andrew",100.0,3,490,18,0.2638666666666667,1,1,6.0,3,2,0,0,0,CKH-7630-2022,0.0,
"Spagnolo, Nicola",100.0,1,490,18,2.476,1,0,18.0,1,1,0,0,0,GDY-1891-2022,0.0,
"Nock, I.",100.0,1,490,18,0.7891,1,1,18.0,1,0,0,0,0,DMO-0947-2022,0.0,
"salehi, zeinab",100.0,3,490,18,0.4708666666666667,1,0,6.0,3,3,0,0,0,AAV-4613-2021,0.0,0000-0002-2581-7151
"Peng, Xiaotong",100.0,1,490,18,0.6535000000000001,0,1,18.0,1,0,0,0,0,G-3108-2013,0.0,0000-0002-3501-1506
"Kreider, Peter",100.0,1,490,18,1.0603,0,0,18.0,1,1,0,0,0,ABA-3575-2021,0.0,0000-0001-6648-7868
"Jones, Bruce",100.0,1,490,18,0.7891,0,0,18.0,1,0,0,0,0,IET-4825-2023,0.0,
"Booker, Katherine",100.0,4,490,18,0.17535,2,0,4.5,3,0,0,0,0,ISZ-1348-2023,0.0,
"Kelly, Matthew",100.0,1,490,18,0.9839,0,0,18.0,1,0,0,0,0,DXK-1057-2022,0.0,0000-0001-6272-0247
"Phillips, Ben",100.0,1,490,18,1.4126,0,0,18.0,1,0,0,0,0,FQF-8165-2022,0.0,
"Hutchinson, Michael F.",100.0,1,508,17,0.6854,1,1,17.0,1,0,0,0,0,DUM-4911-2022,0.0,0000-0001-8205-6689
"Pun, Yuen-Man",100.0,3,508,17,0.5435333333333333,2,1,5.666666666666667,2,1,0,0,0,HZL-0547-2023,0.0,
"Herath, Prabhasri",100.0,1,508,17,1.3341,1,1,17.0,1,0,0,0,0,IQV-4539-2023,0.0,
"Roberts, Dale O.",100.0,2,508,17,0.5203,1,2,8.5,2,0,0,0,0,IGI-7796-2023,0.0,
"Gray, Malcolm B.",100.0,2,508,17,0.3667,2,0,8.5,2,1,0,0,0,EYA-3719-2022,0.0,
"Hoek, Keeley",100.0,2,508,17,0.5692,0,1,8.5,2,1,0,0,0,GWM-0961-2022,0.0,0000-0001-8570-9606
"Campbell, Colin",100.0,1,508,17,0.6391,1,0,17.0,1,1,0,0,0,E-2179-2014,0.0,
"Alexander, Rebecca",100.0,1,508,17,1.0014,1,1,17.0,1,0,0,0,0,EJD-4144-2022,0.0,
"Hughes, Jacob",100.0,1,508,17,0.6391,1,0,17.0,1,1,0,0,0,O-6943-2019,0.0,0000-0002-0345-3588
"Bish, Andrew",100.0,1,517,16,0.6015,0,0,16.0,1,0,0,0,0,CES-2833-2022,0.0,
"Zahedi, Moosarreza Shamsyeh",100.0,1,517,16,0.5809000000000001,1,1,16.0,1,0,0,0,0,AES-7514-2022,0.0,
"Cummins, P. R.",100.0,1,517,16,0.811,1,0,16.0,1,1,0,0,0,DUZ-2612-2022,0.0,0000-0001-8826-3021
"Gonzalez, Dennis",100.0,2,517,16,0.40755,1,0,8.0,2,1,0,0,0,AAX-6067-2020,0.0,0000-0002-7035-3237
"Reynolds, Katherine",100.0,3,517,16,0.5195333333333334,2,1,5.333333333333333,2,2,0,0,0,GRR-4312-2022,0.0,0000-0002-7460-6756
"Huanglong, Sibo",100.0,1,517,16,0.811,1,1,16.0,1,0,0,0,0,EZH-6438-2022,0.0,
Arifuzzaman,66.67,3,517,16,0.3794,1,0,5.333333333333333,2,3,0,0,0,ABB-6515-2020,0.0,0000-0002-0216-8435
"Zhou, Yue",100.0,1,517,16,2.2009000000000003,1,0,16.0,1,0,0,0,0,EIZ-5500-2022,0.0,
"Wu, Bangle",100.0,1,517,16,6.102,1,0,16.0,1,1,0,0,0,HPU-8066-2023,0.0,
"Brink, Frank",100.0,1,517,16,0.5809000000000001,1,0,16.0,1,0,0,0,0,CGV-3187-2022,0.0,
"Gooday, Jack",100.0,1,517,16,0.811,0,0,16.0,1,0,0,0,0,CSX-4458-2022,0.0,
"Reid, M. D.",100.0,1,517,16,0.6015,0,0,16.0,1,1,0,0,0,DNR-2495-2022,0.0,
"Cheraghian, Ali",100.0,2,517,16,0.762,2,0,8.0,2,2,0,0,0,EQC-8072-2022,0.0,
"Ma, Fei",100.0,2,517,16,0.5006,2,0,8.0,2,2,0,0,0,AAM-3908-2020,0.0,0000-0001-9374-2385
"Boswell, Rod W.",100.0,1,517,16,0.6015,0,0,16.0,1,0,0,0,0,JSG-1848-2023,0.0,
"Zhang, X.",100.0,1,517,16,0.5809000000000001,1,0,16.0,1,1,0,0,3,GLE-5397-2022,0.0,
"Charles, Christine",100.0,1,517,16,0.6015,0,0,16.0,1,0,0,0,0,C-2826-2009,0.0,0000-0002-1108-6298
"Pye, John",71.43,7,517,16,0.8717,4,0,2.2857142857142856,3,4,0,0,0,DZL-1539-2022,0.0,0000-0001-8026-0045
"J. Loy, Richard",100.0,1,517,16,0.6148,1,0,16.0,1,1,0,0,0,DVC-4205-2022,0.0,0000-0002-7149-6950
"James, Matthew R.",100.0,3,536,15,0.3387666666666667,3,0,5.0,2,2,1,0,0,HDT-1132-2022,0.0,
"Haggren, Tuomas",100.0,1,536,15,0.6576000000000001,0,0,15.0,1,1,0,0,0,GEG-7687-2022,0.0,0000-0001-6033-7391
"Lang, Peter",100.0,2,536,15,0.32615,0,0,7.5,2,1,0,0,0,GAC-0986-2022,0.0,0000-0003-3318-6166
"Smith, RC",100.0,1,536,15,0.8836,1,0,15.0,1,0,0,0,0,DRJ-7433-2022,0.0,
"Hota, S. S.",100.0,1,536,15,0.6576000000000001,0,1,15.0,1,0,0,0,0,CVE-9057-2022,0.0,
"Emamirad, Ehsan",100.0,1,536,15,0.6576000000000001,1,1,15.0,1,0,0,0,0,CQH-3622-2022,0.0,
"Lu, Teng",100.0,1,536,15,0.7603000000000001,1,0,15.0,1,1,1,0,0,HIK-8087-2022,0.0,
"Zheng, P.",100.0,2,536,15,0.2857,2,0,7.5,2,0,0,0,0,IPZ-0884-2023,0.0,
"Martin, Michael A",100.0,1,536,15,0.5639000000000001,1,0,15.0,1,0,0,0,0,A-1295-2008,0.0,0000-0001-6478-1465
"Buchhorn, Peter",100.0,1,536,15,0.7603000000000001,1,0,15.0,1,1,0,0,0,EPW-7538-2022,0.0,
"Kang, Di",66.67,3,536,15,0.5893,1,0,5.0,2,2,0,0,0,FZY-4087-2022,0.0,0000-0002-9441-5201
"Forster, Margaret E.",100.0,1,536,15,0.6576000000000001,1,1,15.0,1,0,0,0,0,GBE-0106-2022,0.0,0000-0002-3674-8673
"Gallagher, Emily",66.67,3,536,15,0.20966666666666667,0,1,5.0,2,1,1,0,0,HGX-7141-2022,0.0,
"Barnsley, Michael",50.0,2,549,14,0.26315,0,0,7.0,1,2,0,0,0,CDP-3952-2022,0.0,
"Nguyen, Thien",100.0,2,549,14,0.3763,2,0,7.0,2,2,1,0,0,GBO-7703-2022,0.0,0000-0002-5319-1213
"Mathew, Joice",83.33,6,549,14,0.2243166666666667,2,1,2.3333333333333335,3,4,0,0,0,AAE-5581-2020,0.0,0000-0003-0459-5964
"Ransan-Cooper, Hedda",100.0,2,549,14,0.4365,2,0,7.0,2,0,0,0,0,DWT-7246-2022,0.0,0000-0002-9053-0229
"Pace, Ron",100.0,1,549,14,0.8247,0,1,14.0,1,0,0,0,0,EAM-8792-2022,0.0,
"SUN, XIFU",100.0,1,549,14,1.0987,1,0,14.0,1,0,0,0,0,AAA-6253-2022,0.0,0000-0001-6396-6206
"Hofner, Peter",100.0,1,549,14,0.8247,1,0,14.0,1,1,0,0,0,FZP-5709-2022,0.0,0000-0002-2141-5868
"Zhang, Jing",75.0,4,549,14,1.3348250000000002,3,0,3.5,1,4,0,0,0,IZB-6295-2023,0.0,
"Nugent, Keith A",100.0,1,549,14,0.5645,1,1,14.0,1,0,0,0,0,I-4154-2016,0.0,0000-0002-4281-3478
"Fisher, Alexander",100.0,1,549,14,1.0987,1,0,14.0,1,0,0,0,0,COV-9779-2022,0.0,
"Buckman, Stephen J",100.0,2,549,14,0.26415,1,0,7.0,2,2,0,0,0,B-4750-2009,0.0,0000-0001-7798-4827
"Dumaresq, David",100.0,1,560,13,0.4887,1,0,13.0,1,0,0,0,0,ERT-8793-2022,0.0,
"Houwing, A. F. P.",100.0,1,560,13,0.7658,0,0,13.0,1,1,0,0,0,FCS-2795-2022,0.0,
"Palamara, Davide",100.0,1,560,13,0.4995,1,1,13.0,1,0,0,0,0,DXU-1157-2022,0.0,0000-0002-3806-6449
"Gutierrez, Natalia Pereira",100.0,1,560,13,1.7882,0,0,13.0,1,0,0,0,0,JRK-4005-2023,0.0,
"King, Penelope L",100.0,1,560,13,1.7882,1,1,13.0,1,0,0,0,0,A-1791-2011,0.0,0000-0002-8364-9168
"Krolikowski, Wieslaw",75.0,4,560,13,0.31170000000000003,3,0,3.25,2,4,0,0,0,FDC-5335-2022,0.0,
"Weerasinghe, Janith Sajitha",100.0,1,560,13,1.0202,0,0,13.0,1,1,0,0,0,AAF-1037-2021,0.0,0000-0002-2215-7450
"Gross, Catherine",100.0,1,560,13,0.4887,1,0,13.0,1,0,0,0,0,A-3989-2008,0.0,
"Gupta, Bikesh",100.0,1,560,13,0.6589,0,0,13.0,1,0,0,0,0,CRR-8619-2022,0.0,
"Neeman, Teresa",100.0,1,560,13,0.4995,1,1,13.0,1,0,0,0,0,DYK-2571-2022,0.0,0000-0002-7315-3695
"Brand, Julia",100.0,1,560,13,1.7882,1,1,13.0,1,0,0,0,0,GXN-0389-2022,0.0,
"Foley, William J.",100.0,1,560,13,0.5242,1,1,13.0,1,0,0,0,0,IWK-9225-2023,0.0,
"Crisp, Erin",100.0,2,560,13,0.2485,1,0,6.5,2,0,0,0,0,IJL-6329-2023,0.0,
"Gretton, Charles",66.67,3,560,13,0.24163333333333334,1,2,4.333333333333333,2,1,0,0,0,DVF-4757-2022,0.0,0000-0001-9803-0168
"Kanwal, Fariha",50.0,2,560,13,0.3553,0,0,6.5,1,1,0,0,0,FCI-2051-2022,0.0,
"Brauers, Maureen",100.0,2,560,13,0.2485,1,0,6.5,2,0,0,0,0,CHP-7195-2022,0.0,
"Xia, Hua",100.0,1,576,12,0.6083000000000001,1,0,12.0,1,0,0,0,0,A-2938-2011,0.0,0000-0002-3912-4727
"Marchal, Antoine",100.0,2,576,12,0.2419,2,2,6.0,2,0,0,0,0,GDS-3054-2022,0.0,0000-0002-5501-232X
"Zheng, Meige",100.0,1,576,12,0.7069000000000001,0,0,12.0,1,0,0,0,0,AAK-3925-2021,0.0,
"Abhayapala, Thushara",50.0,2,576,12,0.47085000000000005,1,0,6.0,1,2,1,0,0,IAW-8470-2023,0.0,
"Strazdins, Lyndall",100.0,1,576,12,0.4904,1,0,12.0,1,1,0,0,0,DZD-3724-2022,0.0,0000-0001-5158-6855
"Travouillon, Tony",83.33,6,576,12,0.31575000000000003,0,2,2.0,2,4,0,0,0,DXN-5730-2022,0.0,0000-0001-9304-6718
"Butterworth, Peter",100.0,1,576,12,0.4904,1,0,12.0,1,1,0,0,0,AFK-2636-2022,0.0,0000-0002-1531-3881
"Speed, Robert A.",100.0,1,576,12,0.4838,0,0,12.0,1,1,0,0,0,IPJ-3711-2023,0.0,
"LE, TIEN",100.0,2,576,12,1.0691000000000002,1,0,6.0,2,1,0,0,0,GXZ-6897-2022,0.0,0000-0002-4743-4629
"Conechado, Georgia E. J.",100.0,1,576,12,1.6506,1,0,12.0,1,0,0,0,0,CLM-0446-2022,0.0,
"Shats, Michael",100.0,1,576,12,0.6083000000000001,1,0,12.0,1,0,0,0,0,O-3465-2019,0.0,0000-0003-4725-0587
"Kyaw-Myint, Su Mon",100.0,1,576,12,0.4904,1,0,12.0,1,1,0,0,0,FIQ-7690-2022,0.0,
"Andersson, L.",100.0,1,576,12,0.4511,0,0,12.0,1,0,0,0,0,CCQ-2393-2022,0.0,
"O'Ryan, S.",100.0,1,576,12,0.4904,0,0,12.0,1,1,1,0,0,FQK-4645-2022,0.0,
"Haedrich, Ingrid",100.0,1,576,12,0.4904,0,0,12.0,1,0,0,0,0,EYW-4753-2022,0.0,
"Weber, Cedric",75.0,4,576,12,0.27975,0,0,3.0,3,2,0,0,0,D-5027-2014,0.0,0000-0002-6989-2700
"Zhao, Shenyou",100.0,1,576,12,0.4511,0,1,12.0,1,0,0,0,0,JZD-9595-2024,0.0,
"Punzmann, Horst",100.0,1,576,12,0.6083000000000001,1,0,12.0,1,0,0,0,0,A-7911-2011,0.0,0000-0001-9831-1779
"ABDEL-LATIF, Mohamed E.",100.0,1,576,12,0.4611,0,1,12.0,1,0,0,0,0,N-3372-2018,0.0,0000-0002-6911-2487
"Stocks, Matt",100.0,1,576,12,1.6506,1,0,12.0,1,0,0,0,0,GDN-1868-2022,0.0,
"Anbulagan, Anbu",100.0,1,596,11,0.39940000000000003,1,0,11.0,1,0,0,0,0,EJQ-4776-2022,0.0,
"Ogilvy, Sue",100.0,1,596,11,0.4822,1,1,11.0,1,0,0,0,0,FSW-5504-2022,0.0,
"Friel, Sharon",100.0,1,596,11,0.4822,1,1,11.0,1,0,0,0,0,DVE-3752-2022,0.0,0000-0002-8345-5435
Bui Quang Minh,100.0,1,596,11,1.5131000000000001,0,0,11.0,1,1,0,0,0,DXV-4040-2022,0.0,0000-0002-5535-6560
"Mulder, Johannes",80.0,5,596,11,0.14284,0,1,2.2,2,3,0,0,0,GAJ-5620-2022,0.0,0000-0002-0258-624X
"Ballard, Chris H",100.0,1,596,11,0.8633000000000001,0,1,11.0,1,0,1,0,0,C-2356-2016,0.0,0000-0002-8455-6908
"Caetano, Tiberio",100.0,1,596,11,0.39940000000000003,1,0,11.0,1,1,0,0,0,CJE-3758-2022,0.0,
"Perriman, Adam w",50.0,2,596,11,0.7565500000000001,1,0,5.5,1,2,0,0,0,C-1741-2017,0.0,0000-0003-2205-9364
"James, Sarah W.",100.0,1,596,11,0.4822,1,1,11.0,1,0,0,0,0,IMW-5442-2023,0.0,
"Wang, Jue",100.0,3,596,11,0.3468333333333333,3,0,3.6666666666666665,2,3,0,0,0,ABD-1746-2021,0.0,0000-0001-8546-4522
"Ridgway, Mark C.",100.0,1,596,11,0.4822,1,1,11.0,1,0,0,0,0,DPW-2476-2022,0.0,
"Lin, G. David",100.0,1,596,11,0.648,0,0,11.0,1,1,0,0,0,O-2246-2013,0.0,0000-0003-1466-1590
"Bilokur, M.",100.0,1,596,11,0.648,0,0,11.0,1,0,0,0,0,CEH-2635-2022,0.0,
"Williams, Jim S.",100.0,2,596,11,0.21625,0,0,5.5,2,2,0,0,0,KBE-9101-2024,0.0,0000-0002-4113-8511
"McPhail, Danielle",100.0,1,610,10,0.4086,1,1,10.0,1,0,1,0,0,DFX-0307-2022,0.0,
"Świtkowski, Krzysztof",100.0,1,610,10,0.7848,1,0,10.0,1,1,0,0,0,AAG-3354-2019,0.0,0000-0003-2392-011X
"Booker, K. M.",100.0,1,610,10,0.376,1,0,10.0,1,0,0,0,0,ITH-1283-2023,0.0,
"Purcell, Michael",100.0,1,610,10,0.376,0,1,10.0,1,0,0,0,0,FQZ-9014-2022,0.0,0000-0002-6758-8027
"Ratcliff, Thomas",100.0,1,610,10,0.38430000000000003,1,1,10.0,1,0,0,0,0,DNR-2627-2022,0.0,
"Adhikari, Sonachand",100.0,1,610,10,0.36300000000000004,0,0,10.0,1,0,0,0,0,DTQ-9389-2022,0.0,0000-0002-9234-4921
"Horner, Kyle N",100.0,1,610,10,0.4086,1,1,10.0,1,0,1,0,0,K-9494-2014,0.0,0000-0001-5392-2277
"Kaviani, Samira",50.0,2,610,10,0.188,0,0,5.0,1,0,0,0,0,CYI-0619-2022,0.0,
"Rickwood, Peter",100.0,1,610,10,0.36300000000000004,0,0,10.0,1,1,0,0,0,FTL-6865-2022,0.0,
"Luther-Davies, Barry",100.0,2,610,10,0.617,2,0,5.0,2,2,0,0,0,D-7294-2013,0.0,0000-0002-2747-5036
"Qiu, Shi",100.0,1,610,10,3.8137000000000003,1,1,10.0,1,0,0,0,0,IZO-7584-2023,0.0,0000-0002-4440-925X
"Connal, Luke",100.0,1,610,10,0.4384,1,1,10.0,1,0,0,0,0,O-5169-2018,0.0,0000-0001-7519-977X
"Tao, Gao",100.0,1,610,10,0.4086,1,0,10.0,1,1,0,0,0,HGT-2987-2022,0.0,
"Liu, Yuchi",100.0,1,610,10,1.3755000000000002,1,0,10.0,1,1,0,0,0,GMN-0295-2022,0.0,0000-0001-9061-6180
"Stachurski, John",100.0,3,610,10,0.24853333333333336,1,0,3.3333333333333335,2,2,0,0,0,DXJ-5963-2022,0.0,
"Scott, Dean R.",100.0,1,625,9,0.7063,0,1,9.0,1,0,0,0,0,GLQ-0017-2022,0.0,
"Weber, Klaus",100.0,1,625,9,0.3267,1,1,9.0,1,0,0,0,0,EDB-3833-2022,0.0,
"Hocart, Charles H",100.0,1,625,9,0.7063,1,0,9.0,1,1,0,0,0,F-2630-2011,0.0,0000-0002-6167-2295
"Munoz, Daniel",100.0,3,625,9,0.3426666666666667,1,1,3.0,1,2,0,0,0,IXD-6516-2023,0.0,0000-0002-7128-8174
"Franks, Stephanie",100.0,1,625,9,0.24860000000000002,1,1,9.0,1,0,0,0,0,GBT-9913-2022,0.0,0000-0002-7095-3451
"Blackwell, Boyd D",100.0,2,625,9,0.1653,0,1,4.5,2,0,0,0,0,M-2717-2015,0.0,0000-0002-9091-9269
"Soltani Dehnavi, Shiva",100.0,2,625,9,0.5243500000000001,1,1,4.5,2,1,0,0,0,JTU-4590-2023,0.0,
"Coventry, Joe",66.67,3,625,9,0.5752,1,0,3.0,2,2,0,0,0,KRN-2685-2024,0.0,0000-0003-4020-3980
"Su, Zhicheng",100.0,1,625,9,0.3945,1,1,9.0,1,0,0,0,0,O-4006-2016,0.0,
"Chen, Li-an",66.67,3,625,9,0.5725333333333333,0,2,3.0,2,0,0,0,0,KFK-4677-2024,0.0,0000-0002-7750-1183
"Berry, Andrew J",100.0,1,625,9,0.7063,0,1,9.0,1,0,0,0,0,J-6725-2012,0.0,0000-0002-9952-6584
"Vassiliou, Peter",100.0,2,625,9,0.19725,1,1,4.5,1,0,0,0,0,GHK-0931-2022,0.0,
"Melmoth, Luke",100.0,1,625,9,0.3678,0,0,9.0,1,1,0,0,0,FNC-4254-2022,0.0,
"Zanjani, Nima A.",100.0,1,625,9,0.3458,0,0,9.0,1,0,0,0,0,DXQ-9547-2022,0.0,0000-0002-7366-1761
"Bercher, Pascal",25.0,4,625,9,0.11405,0,1,2.25,1,2,2,0,0,FYU-1808-2022,0.0,0000-0002-0795-4320
"Pathak, R. D.",100.0,1,625,9,0.5302,1,0,9.0,1,1,0,0,0,DLS-7766-2022,0.0,0000-0002-5949-7993
"Chang, Le",66.67,3,641,8,0.18333333333333335,2,3,2.6666666666666665,1,0,0,0,0,JRN-6383-2023,0.0,0000-0001-6045-9727
"Spurgin, Jack",100.0,1,641,8,0.2904,1,0,8.0,1,1,0,0,0,DYO-3717-2022,0.0,
"Reid, Richard",100.0,1,641,8,0.3507,1,0,8.0,1,0,0,0,0,FSL-7115-2022,0.0,
"Hussain, Muhammad Khalid",100.0,2,641,8,0.91595,0,0,4.0,2,2,0,0,0,HZK-7268-2023,0.0,0000-0002-3714-8696
"Di, Y.",100.0,1,641,8,0.2904,1,0,8.0,1,1,0,0,0,IJQ-4226-2023,0.0,
"Bordia, P",100.0,1,641,8,0.6278,1,1,8.0,1,0,0,0,0,CHY-5632-2022,0.0,
"Bokaeeyan, M.",100.0,1,641,8,0.4713,1,0,8.0,1,0,0,0,0,EPB-8873-2022,0.0,
"Lagadec, Tiphaine",50.0,4,641,8,0.5189250000000001,0,1,2.0,2,3,0,0,0,DBF-8815-2022,0.0,
"Leplastrier, Aero",100.0,1,641,8,0.4055,0,0,8.0,1,1,0,0,0,FJF-8210-2022,0.0,
"Adarve, Juan David",100.0,1,641,8,0.3269,0,1,8.0,1,0,0,0,0,FXW-0285-2022,0.0,0000-0003-2203-3535
"Gratadour, Damien",100.0,1,641,8,0.3226,1,0,8.0,1,1,0,0,0,AAF-8236-2021,0.0,0000-0003-2080-7189
"Abdelrahman, Ghodai",100.0,1,641,8,3.051,1,0,8.0,1,0,0,0,0,HRD-0595-2023,0.0,0000-0002-7470-0494
"Zoppou, Christopher",100.0,2,641,8,0.1815,1,0,4.0,2,0,0,0,0,EIY-6526-2022,0.0,
"Bui, Anh Dinh",100.0,2,641,8,0.46535000000000004,2,0,4.0,1,1,0,0,0,FZY-6186-2022,0.0,0000-0002-9660-6132
"Shaw, Marnie E.",100.0,1,641,8,0.6278,1,0,8.0,1,0,0,0,0,FVK-9504-2022,0.0,
Vu Lam,100.0,1,641,8,0.3008,0,0,8.0,1,1,0,0,0,DWE-1883-2022,0.0,0000-0002-6537-4500
"Hettiarachchi, Chirath",50.0,2,657,7,0.48145000000000004,1,0,3.5,1,2,0,0,0,GQU-7374-2022,0.0,0000-0002-7702-0718
"Wong-Leung, Jennifer",100.0,1,657,7,0.2822,1,0,7.0,1,0,0,0,0,B-9007-2011,0.0,0000-0002-5050-4202
"Prest, James",100.0,1,657,7,0.5493,0,1,7.0,1,0,0,0,0,X-3029-2019,0.0,0000-0002-1154-5458
"Lee, Wei-",100.0,1,657,7,0.5493,0,1,7.0,1,0,0,0,0,FHG-5429-2022,0.0,
"Weng, Haotian",100.0,1,657,7,0.9629000000000001,0,0,7.0,1,1,0,0,0,GPL-3508-2022,0.0,0000-0002-3993-7621
"Lu, Yao",100.0,1,657,7,0.3548,0,0,7.0,1,1,0,0,0,FKG-8215-2022,0.0,
"Hartley, Richard",100.0,1,657,7,0.3069,0,1,7.0,1,0,0,0,0,CUQ-1378-2022,0.0,
"Anuradha, K. B. J.",100.0,1,657,7,0.5493,1,0,7.0,1,0,0,0,0,HOQ-8149-2023,0.0,
"Idrees, Sahar",100.0,1,657,7,0.9629000000000001,0,0,7.0,1,1,0,0,0,FZQ-0715-2022,0.0,0000-0002-2175-777X
"Qiu, L.",100.0,1,657,7,0.41240000000000004,0,0,7.0,1,1,0,0,0,IZP-4209-2023,0.0,
"Liu, Min",100.0,1,657,7,0.5493,0,0,7.0,1,1,0,0,0,DUC-6409-2022,0.0,0000-0003-3112-0999
"Jia, Xiaolun",100.0,1,657,7,0.9629000000000001,0,0,7.0,1,1,0,0,0,EZU-7942-2022,0.0,
"Tang, Zhifeng",100.0,2,657,7,0.30425,1,0,3.5,1,0,0,0,0,JND-0962-2023,0.0,0000-0003-4913-3587
"Gonzalez, Simon",100.0,1,657,7,0.3548,0,0,7.0,1,1,0,0,0,DWL-9745-2022,0.0,0000-0001-8013-7821
"Vollmer, Maria",100.0,1,657,7,0.41240000000000004,0,0,7.0,1,0,0,0,0,GGS-5328-2022,0.0,
"Ratcliff, Tom",100.0,1,657,7,0.28600000000000003,1,0,7.0,1,1,0,0,1,FWM-2640-2022,0.0,
"Yu, Changbin",100.0,1,657,7,0.3548,1,0,7.0,1,1,0,0,0,JEX-9351-2023,0.0,
"Lu, Yuerui",100.0,1,657,7,0.28600000000000003,1,0,7.0,1,1,0,0,0,DCY-5585-2022,0.0,
"Lu, Yuerui",100.0,1,657,7,0.269,0,0,7.0,1,1,0,0,1,D-7841-2016,0.0,0000-0001-6131-3906
"Haynes, Marcus",100.0,1,657,7,2.6696,1,1,7.0,1,0,0,0,0,AAG-7881-2021,0.0,0000-0002-2103-7131
"Akhmediev, Nail",100.0,2,657,7,0.18560000000000001,2,0,3.5,2,1,0,0,0,EJC-1897-2022,0.0,
"Huntington, Elanor H",100.0,2,657,7,0.1418,2,0,3.5,1,2,0,0,0,G-4081-2010,0.0,
"Suominen, Hanna",50.0,2,657,7,0.48145000000000004,1,0,3.5,1,2,0,0,0,GAF-8977-2022,0.0,0000-0002-4195-1641
"Wang, Dongyue",100.0,2,657,7,0.7252500000000001,2,0,3.5,2,2,0,0,0,KKB-2570-2024,0.0,0000-0002-2170-2293
"Vidoni, Melina",66.67,3,657,7,0.13743333333333332,0,0,2.3333333333333335,2,1,0,0,0,H-9805-2019,0.0,0000-0002-4099-1430
"Nolan, Christopher J",50.0,2,657,7,0.48145000000000004,1,0,3.5,1,2,0,0,0,B-2026-2008,0.0,0000-0002-6964-3819
"Gregory, Chris",50.0,2,657,7,0.1316,0,0,3.5,1,0,0,0,16,FAO-9854-2022,0.0,
"Renz, Jochen",100.0,1,657,7,0.269,0,0,7.0,1,0,0,0,0,DQE-4743-2022,0.0,
"Sawyer, Nicole",100.0,1,657,7,0.3069,1,1,7.0,1,0,0,0,0,DYA-0881-2022,0.0,0000-0001-5270-6556
"Riaz, Asim",100.0,1,657,7,0.9629000000000001,0,0,7.0,1,1,0,0,0,IFZ-3513-2023,0.0,
"Alvi, Sheeraz A",100.0,2,657,7,0.23650000000000002,0,0,3.5,2,1,0,0,0,EJW-6482-2022,0.0,
"Leslie, Patrick",50.0,4,688,6,0.20635,0,3,1.5,2,0,0,0,0,GBU-7162-2022,0.0,0000-0002-9218-8981
"Senden, Tim J",100.0,1,688,6,0.2452,1,1,6.0,1,0,0,0,0,A-7319-2008,0.0,0000-0001-6808-7219
"Ajanthan, Thalaiyasingam",100.0,2,688,6,0.1685,2,0,3.0,2,2,0,0,0,CBR-9802-2022,0.0,
"Peng, X.",100.0,1,688,6,0.8253,1,0,6.0,1,0,0,0,0,DUV-8096-2022,0.0,0000-0001-7299-6626
"Summerville, Cameron",100.0,1,688,6,0.2452,1,0,6.0,1,1,0,0,0,AAV-4498-2021,0.0,
"Orton, Henry",100.0,1,688,6,0.8253,1,0,6.0,1,1,0,0,0,HYN-1744-2023,0.0,
"Xiao, Pu",100.0,1,688,6,0.8253,1,0,6.0,1,0,0,0,0,EHQ-0784-2022,0.0,
"Fam, Shun Deng",100.0,1,688,6,0.3534,0,0,6.0,1,1,0,0,0,EVZ-5496-2022,0.0,
"Otting, Gottfried",100.0,1,688,6,0.8253,1,0,6.0,1,1,0,0,0,H-8413-2014,0.0,0000-0002-0563-0146
"Tran, Thong Anh",100.0,3,688,6,0.3564,2,1,2.0,2,2,0,0,0,Q-4676-2016,0.0,0000-0001-9779-713X
"Ticehurst, Jenifer",100.0,1,688,6,0.47090000000000004,1,1,6.0,1,0,0,0,0,IHK-4392-2023,0.0,
"Haynes, Roger",100.0,1,688,6,0.2306,0,0,6.0,1,1,0,0,0,CUA-2340-2022,0.0,
"Bammer, Gabriele",100.0,1,688,6,0.263,1,0,6.0,1,0,0,0,0,DVM-6508-2022,0.0,0000-0001-9098-0951
"Pollard, Brett J",100.0,1,688,6,0.47090000000000004,0,0,6.0,1,0,0,0,0,N-6751-2017,0.0,0000-0002-5148-9665
"Fu, Baihua",100.0,1,688,6,0.47090000000000004,1,1,6.0,1,0,0,0,0,F-5840-2011,0.0,0000-0003-2494-0518
"Trevizan, Felipe",100.0,2,688,6,0.13955,0,0,3.0,2,2,0,0,0,GDW-9629-2022,0.0,0000-0001-5095-7132
"Ng, Yonhon",100.0,2,688,6,0.5346000000000001,1,0,3.0,1,2,0,0,0,FQX-2069-2022,0.0,
"Stegman, Alison",100.0,1,688,6,0.2452,0,0,6.0,1,1,0,0,0,DXD-6352-2022,0.0,
"Kirk, Martyn D",100.0,2,688,6,0.4127,1,1,3.0,2,1,0,0,0,DWP-6201-2022,0.0,0000-0001-5432-5984
"Kremer, Felipe",100.0,1,688,6,0.8253,1,0,6.0,1,1,0,0,0,GBL-6143-2022,0.0,0000-0001-6263-7806
"Glushenkov, Alexey M",100.0,1,688,6,0.22560000000000002,1,0,6.0,1,0,0,0,0,KIA-0985-2024,0.0,
"hu, yuzhi",100.0,2,688,6,0.41265,1,2,3.0,2,0,0,0,0,AAL-7442-2021,0.0,
"Betz, Stephanie",100.0,1,688,6,0.2419,1,0,6.0,1,1,0,0,0,DUQ-4483-2022,0.0,0000-0001-5371-2931
"Volonteri, Marta",100.0,1,688,6,0.21780000000000002,0,0,6.0,1,1,0,0,0,FLT-3065-2022,0.0,
"Liu, B.",100.0,1,688,6,0.21780000000000002,0,0,6.0,1,1,0,0,0,FIO-7610-2022,0.0,
"Abdelkader, Elwy H.",100.0,1,688,6,0.8253,1,0,6.0,1,1,0,0,0,DSZ-1577-2022,0.0,0000-0002-5388-3949
"Voss, B.",100.0,1,688,6,0.2452,1,0,6.0,1,1,0,0,0,ECV-5158-2022,0.0,
"Ye, Changkun",100.0,2,688,6,0.41265,1,1,3.0,2,0,0,0,0,GLD-7729-2022,0.0,
"Zhu, Kaylee",100.0,1,688,6,0.8253,1,0,6.0,1,0,0,0,0,H-2158-2016,0.0,0000-0002-7531-0770
"Sun, Ling",100.0,1,688,6,0.263,1,1,6.0,1,0,0,0,0,AAC-6908-2022,0.0,0000-0001-7959-892X
"Labond, Christine",100.0,1,718,5,0.6878000000000001,1,1,5.0,1,0,0,0,0,DCG-2920-2022,0.0,
"Schumann, Ulrike D",100.0,1,718,5,0.6878000000000001,1,1,5.0,1,0,0,0,0,F-3987-2011,0.0,0000-0002-2379-1226
"Cha, Sung H.",100.0,1,718,5,0.188,0,1,5.0,1,0,1,0,0,CJS-1254-2022,0.0,
"Lim, Boon H.",100.0,1,718,5,0.3924,0,1,5.0,1,0,0,0,0,CTS-5192-2022,0.0,0000-0002-3024-7691
"Natoli, Riccardo",100.0,1,718,5,0.6878000000000001,1,1,5.0,1,0,0,0,0,GMW-5813-2022,0.0,0000-0002-9350-0439
"Chopra, Aditya",100.0,1,718,5,0.2192,1,0,5.0,1,1,0,0,0,HPE-5504-2023,0.0,
"C. Dixon, Richard",100.0,1,718,5,0.18150000000000002,0,0,5.0,1,1,0,0,0,ESV-0857-2022,0.0,
"Hammond, Joshua M.",100.0,1,718,5,0.2534,0,1,5.0,1,0,0,0,0,IMF-8666-2023,0.0,
"riaz, asim",100.0,1,718,5,0.3924,0,0,5.0,1,0,0,0,0,I-7462-2016,0.0,
"Howard, John",100.0,1,718,5,0.18150000000000002,1,0,5.0,1,1,0,0,0,GAC-5442-2022,0.0,0000-0002-1130-0899
"Bodger, Christopher",100.0,1,718,5,0.3924,0,0,5.0,1,0,0,0,0,ICI-8838-2023,0.0,
"Prananta, Wiraditma",100.0,1,718,5,0.3924,0,0,5.0,1,0,0,0,0,GDN-6678-2022,0.0,0000-0002-2960-8170
"Parish, C.",100.0,1,718,5,0.2192,1,0,5.0,1,1,0,0,0,DKF-3987-2022,0.0,
"Dannatt, James",100.0,1,718,5,0.29450000000000004,1,0,5.0,1,1,0,0,0,DWX-8784-2022,0.0,0000-0001-9112-2182
"Tran, Tuan",100.0,1,718,5,0.2016,1,1,5.0,1,0,0,0,0,AAH-4241-2019,0.0,
"Doan, Tinh",100.0,1,718,5,0.6878000000000001,1,1,5.0,1,0,0,0,0,DTS-7026-2022,0.0,0000-0002-2297-8187
"Murugappan, Krishnan",100.0,1,718,5,0.6878000000000001,1,1,5.0,1,0,0,0,0,O-9386-2019,0.0,0000-0002-6845-4653
"Hansen, Jonah T.",66.67,3,718,5,0.31053333333333333,0,1,1.6666666666666667,1,2,0,0,0,DYT-1388-2022,0.0,0000-0003-3992-342X
"Xiao, Wei",100.0,1,718,5,1.9069,1,1,5.0,1,0,0,0,0,K-6745-2018,0.0,0000-0002-6578-3523
"Ireland, Michael",100.0,2,718,5,0.3439,0,1,2.5,1,1,0,0,0,GCG-0612-2022,0.0,0000-0002-6194-043X
"Fan, Yuzhen",100.0,1,718,5,1.9069,1,0,5.0,1,0,0,0,0,AHE-4153-2022,0.0,0000-0003-1857-9244
"Mondal, Razon",100.0,2,718,5,0.4658,2,0,2.5,1,2,0,0,0,GLX-9272-2022,0.0,
"Kivshar, Yuri",100.0,3,718,5,0.07413333333333334,1,0,1.6666666666666667,1,2,0,0,0,AAJ-1901-2020,0.0,
"Shi, Kanghong",33.33,3,718,5,0.6356333333333334,3,0,1.6666666666666667,1,1,0,0,0,DVE-1165-2022,0.0,0000-0003-4062-7097
"Saleem, Rabbia",100.0,1,718,5,0.3924,0,0,5.0,1,0,0,0,0,ACH-5087-2022,0.0,0000-0001-6409-0867
"Goode, Sharome",100.0,1,718,5,0.188,1,0,5.0,1,1,0,0,0,EYV-5473-2022,0.0,0000-0001-5260-746X
"Crabb, M.",100.0,1,718,5,0.2534,1,0,5.0,1,0,0,0,0,GAQ-4611-2022,0.0,0000-0002-2660-756X
"Koohian, Abbas",100.0,2,718,5,0.1199,0,0,2.5,2,2,0,0,0,FDU-6679-2022,0.0,
"Clement, Sarah",100.0,1,718,5,0.6878000000000001,0,0,5.0,1,1,0,0,0,O-9997-2016,0.0,0000-0002-5422-622X
"Batternally, Sam",100.0,1,718,5,0.2534,1,1,5.0,1,0,0,0,0,CEF-8610-2022,0.0,
"Guan, Xi-Wen",50.0,2,718,5,0.95345,1,0,2.5,1,1,0,0,0,W-2361-2019,0.0,0000-0001-6293-8529
"Khan, Saud",100.0,1,718,5,0.6878000000000001,0,0,5.0,1,1,0,0,0,CYA-4340-2022,0.0,
"Gagrani, Ankita",100.0,1,718,5,0.2534,0,0,5.0,1,1,0,0,0,EWJ-2216-2022,0.0,
"Hafiz, Youssef A. F.",100.0,1,718,5,0.19210000000000002,0,1,5.0,1,0,0,0,0,CTV-8964-2022,0.0,
"Ghosh Dastidar, Monalisha",100.0,1,718,5,0.6878000000000001,1,1,5.0,1,0,0,0,0,JUV-1748-2023,0.0,0000-0002-1147-4442
"Thompson, M. A.",100.0,1,718,5,0.6878000000000001,1,0,5.0,1,1,1,0,0,ITB-6939-2023,0.0,
"TAYLOR, PM",100.0,1,718,5,0.18150000000000002,1,1,5.0,1,0,0,0,0,DZG-2970-2022,0.0,
"Reeve, Alison",100.0,1,718,5,0.6878000000000001,1,1,5.0,1,0,0,0,0,IHM-9185-2023,0.0,
"Mankelow, Rowena",100.0,1,756,4,0.1537,1,0,4.0,1,0,0,0,0,FJB-3411-2022,0.0,
"Narangari, Parvathala",100.0,1,756,4,0.2356,0,1,4.0,1,0,0,0,0,GDH-1290-2022,0.0,0000-0002-7225-1103
"Stone, Eric A",100.0,1,756,4,0.1504,0,0,4.0,1,0,0,0,0,Q-7840-2016,0.0,0000-0002-2725-4209
"Lucas, R. M.",100.0,1,756,4,0.5502,0,0,4.0,1,1,0,0,0,HJL-4151-2023,0.0,
"Berry, M.",100.0,1,756,4,0.1537,1,0,4.0,1,0,0,0,0,CFL-9941-2022,0.0,
"Martin, Nigel J.",100.0,1,756,4,0.1635,1,1,4.0,1,0,0,0,0,INY-8738-2023,0.0,
"Ernst, M.",100.0,1,756,4,1.5255,1,0,4.0,1,1,0,0,0,HXD-2498-2023,0.0,
"Vachadze, George",100.0,1,756,4,0.1537,0,0,4.0,1,1,0,0,0,O-2680-2014,0.0,0000-0002-1779-9301
"Reid, Mark",100.0,2,756,4,0.07875000000000001,1,1,2.0,2,1,0,0,0,INV-4964-2023,0.0,
"Rodriguez, Matias Daniel",100.0,1,756,4,0.1452,0,0,4.0,1,1,0,0,0,F-3220-2011,0.0,0000-0001-5217-2566
"Hutter, Marcus",100.0,1,756,4,0.5502,0,0,4.0,1,1,1,0,0,GBU-2742-2022,0.0,0000-0002-3263-4097
"Lal, Aparna",100.0,1,756,4,0.2356,1,0,4.0,1,0,0,0,0,GAF-7899-2022,0.0,0000-0001-7062-1468
"Liu, X.",100.0,1,756,4,1.5255,1,0,4.0,1,1,0,0,0,JXV-5569-2024,0.0,
"Lam, Timothy",100.0,1,756,4,0.1504,0,0,4.0,1,0,0,0,0,G-8735-2013,0.0,
"Hou, Yunzhong",100.0,2,756,4,0.39705,2,0,2.0,1,1,0,0,0,IQV-8514-2023,0.0,
"Cai, Yue",100.0,1,756,4,1.5255,1,0,4.0,1,1,0,0,0,GRZ-3767-2022,0.0,
"Close, John",66.67,3,756,4,0.5084666666666667,2,0,1.3333333333333333,2,3,0,0,0,IJE-6520-2023,0.0,
"Motevallian, S. Alireza",100.0,1,756,4,0.1537,1,1,4.0,1,0,1,0,0,DJT-8171-2022,0.0,
"Brewer, Nathan",100.0,1,756,4,1.3226,1,0,4.0,1,0,0,0,0,EOZ-4739-2022,0.0,
"Gould, Daniel W.",100.0,1,756,4,0.1635,1,0,4.0,1,0,0,0,0,KGG-0397-2024,0.0,0000-0002-2915-4690
"Wu, Xiang",100.0,1,756,4,0.2028,0,0,4.0,1,1,0,0,0,CFD-6041-2022,0.0,
"Ren, Ji-Zhou",100.0,1,756,4,0.1754,0,1,4.0,1,0,0,0,0,FTU-4072-2022,0.0,
"Sheng, Yan",100.0,2,756,4,0.24710000000000001,1,0,2.0,1,2,0,0,0,G-9328-2011,0.0,0000-0001-6838-5101
"Eyras, Eduardo",66.67,3,756,4,0.14403333333333335,0,1,1.3333333333333333,2,1,0,0,0,ABG-7144-2020,0.0,0000-0003-0793-6218
"Zhu, Gao",50.0,2,756,4,0.0877,1,1,2.0,1,1,0,0,0,CKO-4125-2022,0.0,
"McClusky, Simon",100.0,1,756,4,0.1452,0,1,4.0,1,0,0,0,0,DXE-5769-2022,0.0,0000-0003-4040-925X
"Steele, Katie",100.0,1,756,4,0.1613,0,0,4.0,1,1,0,0,0,FZN-4920-2022,0.0,0000-0003-4042-1822
"Naseem, Fizza",100.0,1,783,3,0.1226,0,0,3.0,1,1,0,0,0,FPF-7834-2022,0.0,
"Gilbert, James",100.0,2,783,3,0.20635,0,0,1.5,1,2,0,0,0,GOZ-1297-2022,0.0,
"Schroder-Turk, Gerd E",100.0,1,783,3,1.0210000000000001,0,1,3.0,1,0,0,0,0,JKQ-8305-2023,0.0,
"Cary, Geoffrey J.",100.0,1,783,3,0.4127,1,1,3.0,1,0,0,0,0,AAX-1964-2021,0.0,0000-0002-6386-1751
"Chan, Chiu Chun",100.0,1,783,3,0.1521,0,0,3.0,1,0,0,0,0,JPK-7904-2023,0.0,
"Smurthwaite, Kayla S.",100.0,1,783,3,0.4127,1,1,3.0,1,0,0,0,0,GAI-1978-2022,0.0,0000-0003-4904-4189
"Zheng, Liang",100.0,2,783,3,0.5720500000000001,2,0,1.5,1,0,0,0,0,JDP-1281-2023,0.0,
"Yebra, Marta",100.0,1,783,3,0.4127,1,1,3.0,1,0,0,0,0,B-5122-2011,0.0,0000-0002-4049-9315
"Cayton, Peter Julian",100.0,1,783,3,0.11280000000000001,0,0,3.0,1,0,0,0,0,JEO-5396-2023,0.0,
"Alem, Yibeltal F.",100.0,1,783,3,0.12100000000000001,1,0,3.0,1,1,0,0,0,EMN-7284-2022,0.0,
"Lloyd, Natalie",100.0,1,783,3,0.0339,0,1,3.0,1,0,0,0,0,S-4079-2019,0.0,0000-0002-8669-9945
"Liu, Wai-Man",100.0,2,783,3,0.11775,0,0,1.5,1,2,0,0,0,AFM-7297-2022,0.0,0000-0002-2111-9487
"Mcdougall, Ian",100.0,1,783,3,0.10890000000000001,0,1,3.0,1,0,0,0,0,FKG-2634-2022,0.0,
"Caldwell, Sabrina",50.0,2,783,3,0.07605,0,0,1.5,1,1,0,0,0,KDW-6403-2024,0.0,
"Kee, Zebedee",50.0,2,783,3,0.5720500000000001,2,0,1.5,1,0,0,0,0,JBW-2471-2023,0.0,
"Wang, Ye",100.0,1,783,3,0.1315,1,0,3.0,1,0,0,0,0,CJB-8019-2022,0.0,0000-0001-5362-9468
"Cooper, Paul D",100.0,1,783,3,0.12100000000000001,0,1,3.0,1,0,0,0,0,C-8285-2009,0.0,0000-0002-1433-5309
"Wang, Sheng",100.0,1,783,3,0.4127,1,0,3.0,1,1,0,0,0,AFQ-7825-2022,0.0,0000-0003-2613-2442
"Gordon, James A.",50.0,2,783,3,0.5720500000000001,0,0,1.5,1,0,0,0,0,CRV-9363-2022,0.0,0000-0002-6656-2335
"Zhou, Zishun",100.0,1,783,3,0.4127,0,0,3.0,1,0,0,0,0,GXD-6844-2022,0.0,
"Pretty, D. G.",100.0,1,783,3,0.11280000000000001,0,0,3.0,1,0,0,0,0,DNY-1605-2022,0.0,
"Zhu, Xuanying",100.0,1,783,3,0.1521,0,0,3.0,1,0,0,0,0,AAX-4284-2021,0.0,
"Zhao, Li",100.0,1,783,3,0.4127,1,1,3.0,1,0,0,0,0,GMH-8831-2022,0.0,
"Islam, Razibul",100.0,1,783,3,0.4127,1,1,3.0,1,0,0,0,0,FBP-1665-2022,0.0,
"Mackenzie, Adrian",100.0,1,783,3,0.10890000000000001,0,0,3.0,1,0,0,0,0,DUW-4483-2022,0.0,0000-0002-2174-4645
"Lin, Yu",100.0,1,783,3,0.2354,0,0,3.0,1,1,0,0,0,GZT-3155-2022,0.0,
"Saberi, Amir",100.0,1,783,3,0.4127,1,0,3.0,1,0,0,0,0,AAW-5771-2021,0.0,0000-0002-1432-0668
"Flint, Shayne",100.0,1,810,2,0.1178,0,0,2.0,1,0,0,0,0,EWF-6739-2022,0.0,
"Li, Ze-Feng",50.0,2,810,2,0.38135,1,1,1.0,1,0,0,0,0,JZX-9953-2024,0.0,0000-0001-7373-3115
"Xin, Yongxian",100.0,1,810,2,0.7627,0,0,2.0,1,1,0,0,0,IRP-4259-2023,0.0,
"Nguyen, Nhat M.",100.0,1,810,2,0.157,0,0,2.0,1,0,0,0,0,IZG-9140-2023,0.0,
"Fernando, Chalaka",100.0,1,810,2,0.7627,1,1,2.0,1,0,0,0,0,HHG-5040-2022,0.0,0000-0003-1026-9284
"Li, Han",100.0,1,810,2,0.157,0,0,2.0,1,0,0,0,0,FIH-3048-2022,0.0,
"Haine, Simon A",100.0,1,810,2,0.7627,0,0,2.0,1,1,0,0,0,B-2548-2009,0.0,0000-0003-1534-1492
"Blackmore, Kim",100.0,1,810,2,0.1178,0,0,2.0,1,0,0,0,0,DWC-3580-2022,0.0,0000-0002-6592-3346
"Venn, Felix",100.0,1,810,2,0.7627,0,0,2.0,1,1,0,0,0,EBY-5412-2022,0.0,
"Yew, Rowena Y",100.0,1,810,2,0.08170000000000001,0,0,2.0,1,0,0,0,0,A-3130-2017,0.0,0000-0001-6560-1753
"Mahmoudi, Negar",100.0,1,810,2,0.7627,1,0,2.0,1,1,0,0,0,JFT-3314-2023,0.0,0000-0002-7003-6071
"Birch, Marcus",100.0,1,810,2,0.2751,0,1,2.0,1,0,0,0,0,CHJ-0113-2022,0.0,0000-0002-6215-5900
"Shen, Yefeng",100.0,1,810,2,0.07690000000000001,0,1,2.0,1,0,0,0,0,FXZ-5905-2022,0.0,
"Guilliard, Iain",100.0,1,810,2,0.1178,0,0,2.0,1,1,0,0,0,FBG-1945-2022,0.0,
"Fiefeld, Keith",100.0,1,810,2,0.2751,1,0,2.0,1,1,0,0,0,GXJ-2110-2022,0.0,
"Kamath, Arvind",100.0,1,810,2,0.2751,0,0,2.0,1,0,0,0,0,FBP-5306-2022,0.0,
"Clark, Geoffrey",100.0,1,810,2,0.2751,1,0,2.0,1,0,0,0,0,CJV-0887-2022,0.0,
"Bandutunga, Chathura",100.0,1,810,2,0.157,1,0,2.0,1,0,0,0,0,ABF-8374-2020,0.0,0000-0002-0443-0142
"Colvin, Rebecca",100.0,1,810,2,3.7578,1,0,2.0,1,0,0,0,0,H-6589-2015,0.0,0000-0002-2011-5433
"Wang, Jiali",50.0,2,810,2,0.38135,1,1,1.0,1,0,0,0,0,JGP-0600-2023,0.0,0000-0002-3901-8481
"Zhang, Y.",100.0,1,810,2,0.157,1,0,2.0,1,0,0,0,0,GBD-5545-2022,0.0,0000-0002-5756-7900
"Franks, Stephanie",100.0,1,810,2,0.7627,1,0,2.0,1,1,0,0,0,JSY-6501-2023,0.0,
"Kreider, Peter",100.0,1,810,2,0.7627,1,0,2.0,1,1,0,0,0,IVM-4880-2023,0.0,
"Zhan, Hualin",100.0,1,810,2,0.2751,0,0,2.0,1,0,0,0,0,A-1301-2011,0.0,0000-0002-1804-8948
"Neupane, G. P.",100.0,1,810,2,0.1178,0,1,2.0,1,0,0,0,0,ABB-5518-2020,0.0,0000-0002-8947-1428
"Yue, Lindsey",100.0,1,810,2,0.7627,1,0,2.0,1,1,0,0,0,IVQ-9509-2023,0.0,
"Sun, Xueqian",100.0,1,810,2,0.1178,0,1,2.0,1,0,0,0,0,ECB-2371-2022,0.0,
"Yang, Yan",100.0,1,810,2,0.7627,1,0,2.0,1,1,0,0,0,CKA-7404-2022,0.0,
"Taheri, a Mahdiar",100.0,1,810,2,0.7627,1,0,2.0,1,1,0,0,0,IVO-2939-2023,0.0,
"Bastine, Amy",100.0,1,810,2,0.157,0,0,2.0,1,0,0,0,0,DVM-3172-2022,0.0,0000-0003-4942-7526
"Janes, Pete",100.0,1,810,2,0.0726,1,0,2.0,1,0,0,0,0,FDH-6969-2022,0.0,
"Hardman, Kyle",100.0,1,810,2,0.7627,0,0,2.0,1,1,0,0,0,ICT-8221-2023,0.0,
"Browne, Chris A. A.",100.0,1,810,2,0.1178,0,0,2.0,1,0,0,0,0,GCG-8971-2022,0.0,0000-0001-9230-8827
"Stewart, Kial D",100.0,1,810,2,0.157,0,0,2.0,1,1,0,0,0,P-6684-2016,0.0,0000-0002-9947-1958
"Hogg, Andy McC.",100.0,1,810,2,0.157,0,0,2.0,1,1,0,0,0,A-7553-2011,0.0,0000-0001-5898-7635
"Legge, S.",100.0,1,810,2,0.7627,0,0,2.0,1,1,0,0,0,HMW-3808-2023,0.0,
"McRae, Terry G",100.0,1,810,2,0.157,1,0,2.0,1,0,0,0,0,J-5986-2015,0.0,0000-0002-6540-6824
"Buttriss, Gary J",100.0,1,810,2,0.7627,1,1,2.0,1,0,0,0,0,N-7474-2015,0.0,
"Vaidya, Gayatri",100.0,1,810,2,0.08170000000000001,0,0,2.0,1,0,0,0,0,CEQ-9484-2022,0.0,
"Chow, Nikolai Sheung-Chi",100.0,1,810,2,0.2751,0,0,2.0,1,1,0,0,0,IST-9466-2023,0.0,
"Doron, Assa",100.0,1,810,2,0.1178,0,0,2.0,1,1,0,0,0,GBX-0053-2022,0.0,0000-0002-9245-7598
"Shehata, Mohamed M.",100.0,1,810,2,0.1178,0,0,2.0,1,1,0,0,0,HNB-6628-2023,0.0,0000-0003-1670-9420
"Mendel, T.",100.0,1,810,2,0.2751,0,1,2.0,1,0,0,0,0,FKV-6420-2022,0.0,
"Kim, David W.",100.0,1,810,2,0.2751,1,0,2.0,1,0,0,0,0,K-3231-2019,0.0,0000-0001-7317-8617
"Stone, Eric",100.0,1,810,2,0.7627,1,0,2.0,1,1,0,0,0,GNJ-9081-2022,0.0,
"Licata, Anthony",100.0,1,810,2,0.2751,0,1,2.0,1,0,0,0,0,HXF-5478-2023,0.0,
"Valenzuela, Maria Rebecca",100.0,1,810,2,0.2751,0,0,2.0,1,1,0,0,0,IHL-7442-2023,0.0,
"Freier, C.",100.0,1,810,2,0.7627,0,0,2.0,1,1,0,0,0,HMX-8430-2023,0.0,
"Soon, Jamie",100.0,1,810,2,0.2751,0,1,2.0,1,0,0,0,0,FXT-9091-2022,0.0,
"Taylor, B.",100.0,1,810,2,0.2751,0,1,2.0,1,0,0,0,0,DWT-6531-2022,0.0,0000-0003-2886-9341
"Szigeti, S.",100.0,1,810,2,0.7627,0,0,2.0,1,1,0,0,0,HMX-1365-2023,0.0,
"Pottas, Roelof",100.0,1,810,2,0.7627,1,0,2.0,1,1,0,0,0,IVR-3442-2023,0.0,
"Hong, Yicong",100.0,1,810,2,0.7627,1,0,2.0,1,1,0,0,0,IVO-7481-2023,0.0,
"McKay, R. I.",100.0,1,810,2,0.07690000000000001,1,0,2.0,1,1,0,0,0,FLA-7184-2022,0.0,
"Fu, Bin",50.0,4,810,2,0.1907,2,3,0.5,1,0,0,0,0,KCT-6435-2024,0.0,0000-0002-6118-7249
"Nghiem, Son",100.0,1,810,2,0.2751,1,0,2.0,1,1,0,0,0,FZH-5470-2022,0.0,0000-0002-2451-5290
"Webb, Alexandra L.",100.0,1,810,2,0.1178,0,1,2.0,1,0,0,0,0,GFU-2884-2022,0.0,0000-0002-5571-5754
"Hou, YH",100.0,1,810,2,0.7627,0,1,2.0,1,0,0,0,0,FCH-2414-2022,0.0,
"Cleynen, Alice",33.33,3,810,2,0.025066666666666668,3,2,0.6666666666666666,1,1,0,0,0,CJY-1841-2022,0.0,
"Smith, D.",100.0,1,810,2,0.0726,0,1,2.0,1,0,0,0,0,DSO-0074-2022,0.0,
"Adeniran, Adegboyega",100.0,1,810,2,0.10930000000000001,0,0,2.0,1,0,0,0,0,AFR-0696-2022,0.0,0000-0002-9725-8424
"Rigaut, Francois",100.0,1,810,2,0.08170000000000001,1,0,2.0,1,0,0,0,0,R-6116-2019,0.0,0000-0003-3490-7121
"Johns-Boast, Lynette",100.0,1,810,2,0.1178,0,0,2.0,1,0,0,0,0,GBE-9899-2022,0.0,0000-0003-2104-3803
"Moghadam, Venus Kanani",100.0,1,810,2,0.2751,1,0,2.0,1,1,0,0,0,GMF-2262-2022,0.0,0000-0003-1916-7073
"Haller, Armin",100.0,1,874,1,0.3814,1,1,1.0,1,0,0,0,0,ADV-2488-2022,0.0,0000-0003-3425-0780
"Johnson, Walter G.",100.0,1,874,1,0.0785,0,0,1.0,1,1,0,0,0,FYU-0098-2022,0.0,0000-0001-6359-2312
"Pearce, John Graham",100.0,1,874,1,0.0363,0,0,1.0,1,0,0,0,0,DLT-6242-2022,0.0,
"Murphy, Chris",50.0,2,874,1,0.0188,0,2,0.5,1,0,0,0,0,DXT-6178-2022,0.0,0000-0002-9691-0863
"Vaccarella, Annino",100.0,1,874,1,0.1376,0,0,1.0,1,1,0,0,0,CHE-2365-2022,0.0,
"Rahman, Jessica",100.0,1,874,1,0.15860000000000002,1,1,1.0,1,0,0,0,0,KCL-0609-2024,0.0,
"Moore, Anna M.",100.0,1,874,1,0.1376,0,0,1.0,1,1,0,0,0,HMB-4406-2023,0.0,0000-0002-2894-6936
"Petersen, Ian R.",100.0,1,874,1,0.3814,1,0,1.0,1,0,0,0,0,IRF-7710-2023,0.0,
"Lade, Steven",100.0,1,874,1,0.3814,1,0,1.0,1,1,0,0,0,JSU-6041-2023,0.0,
"Pace, Ronald",100.0,1,874,1,0.0785,0,1,1.0,1,0,0,0,0,FOI-1563-2022,0.0,
"Liu, Liu",100.0,1,874,1,0.3814,0,0,1.0,1,1,0,0,0,HNF-7018-2023,0.0,
"Magniez, Aurelie",100.0,1,874,1,0.1376,0,0,1.0,1,1,0,0,0,HXR-6889-2023,0.0,
"Farnham, C",100.0,1,874,1,1.4349,1,0,1.0,1,0,0,0,0,CPU-8664-2022,0.0,
"Cork, Steve",100.0,1,874,1,0.038400000000000004,0,0,1.0,1,0,0,0,0,CMD-9878-2022,0.0,
"Li, Rachel W.",100.0,1,874,1,0.0785,0,1,1.0,1,0,0,0,0,IMC-0249-2023,0.0,
"Stranger, Robert",100.0,1,874,1,0.0785,0,1,1.0,1,0,0,0,0,DXP-0908-2022,0.0,
"d'Orgeville, Celine",100.0,1,874,1,0.1376,0,0,1.0,1,0,0,0,0,DXQ-9155-2022,0.0,0000-0002-0209-1781
"Noori, R. A. S. Mahdi",100.0,1,874,1,0.3814,1,0,1.0,1,0,0,0,0,IFB-2314-2023,0.0,
"King, S.",100.0,1,874,1,0.1376,0,0,1.0,1,1,0,0,0,FDI-7433-2022,0.0,
"Wen, Yuanbo",50.0,2,874,1,0.1907,2,0,0.5,1,2,0,0,0,IPZ-5165-2023,0.0,0000-0001-7599-5645
"Grosse, Doris",100.0,1,874,1,0.3814,0,0,1.0,1,1,0,0,0,CSH-4916-2022,0.0,
"Qiang, Zhangcheng",100.0,1,874,1,0.3814,1,1,1.0,1,0,0,0,0,ISO-0533-2023,0.0,0000-0001-5977-6506
"Ma, Yu",100.0,1,874,1,0.0785,0,1,1.0,1,0,0,0,0,AFW-1430-2022,0.0,0000-0003-4903-8352
"Krishna, Sowmya Hassan",100.0,1,874,1,0.1376,0,0,1.0,1,0,0,0,0,IMB-8962-2023,0.0,
"Rasyidi, Hanif",100.0,1,874,1,0.0589,1,0,1.0,1,1,0,0,0,DMJ-4056-2022,0.0,
"Casagrande, Luca",100.0,1,874,1,0.1376,0,0,1.0,1,1,0,0,0,EMX-9146-2022,0.0,
"Rahimi, Farid",100.0,1,874,1,0.1376,1,1,1.0,1,0,0,0,0,FWY-4229-2022,0.0,0000-0002-6374-5064
"Herrald, Nicholas",50.0,2,874,1,0.0688,0,0,0.5,1,2,0,0,0,CSW-3288-2022,0.0,
"Petersen, Ian R.",100.0,1,874,1,0.3814,0,0,1.0,1,0,0,0,0,FSO-8700-2022,0.0,0000-0003-4856-9450
"Zerjal, Marusa",100.0,1,874,1,0.1376,0,0,1.0,1,1,0,0,0,DYZ-0102-2022,0.0,0000-0001-6023-4974
"Ho, Phillip",100.0,1,874,1,0.1376,1,0,1.0,1,0,0,0,0,HPL-3594-2023,0.0,
"S. Bessell, M.",100.0,1,874,1,0.1376,0,0,1.0,1,1,0,0,0,DVU-4644-2022,0.0,0000-0001-7801-1410
"Song, Peipei",100.0,1,874,1,0.0507,0,1,1.0,1,0,0,0,0,KEH-0796-2024,0.0,
"Liu, Shan",100.0,1,874,1,0.3814,1,0,1.0,1,1,0,0,0,DDO-9035-2022,0.0,
"Nordlander, T.",100.0,1,874,1,0.1376,0,0,1.0,1,1,0,0,0,BBD-4966-2021,0.0,0000-0001-5344-8069
"Edwards, Mark",100.0,1,874,1,0.0507,1,0,1.0,1,1,0,0,0,IZP-0949-2023,0.0,0000-0001-6465-9603
"Rostov, Marat",100.0,1,874,1,0.15860000000000002,1,1,1.0,1,0,0,0,0,DNV-7072-2022,0.0,
"Terrett, Richard N. L.",100.0,1,874,1,0.0785,0,1,1.0,1,0,0,0,0,EAF-1939-2022,0.0,
"Rigaut, F.",100.0,1,874,1,0.1376,0,0,1.0,1,0,0,0,0,DPB-3606-2022,0.0,
"Estoque, Jesse A.",100.0,1,874,1,0.0785,0,1,1.0,1,0,0,0,0,EXB-3203-2022,0.0,
"Shalav, Avi",100.0,1,874,1,0.0363,0,0,1.0,1,0,0,0,0,DTG-6126-2022,0.0,
"Bignell, Lindsey J",100.0,1,874,1,0.4731,0,0,1.0,1,1,0,0,0,C-9151-2011,0.0,0000-0001-9013-3058
"Sharp, Robert",100.0,1,874,1,0.1376,0,0,1.0,1,1,0,0,0,DRE-7654-2022,0.0,
"Benn, Claire",100.0,1,874,1,0.0785,0,0,1.0,1,0,0,0,0,GBH-1967-2022,0.0,0000-0001-7072-2701
"M. Kellett, Christopher",100.0,1,874,1,0.3814,1,0,1.0,1,1,0,0,0,FZZ-2289-2022,0.0,0000-0001-9617-5160
"Martínez Rey, Noelia",100.0,1,874,1,0.1376,0,0,1.0,1,0,0,0,0,ABA-5806-2021,0.0,0000-0002-9710-7933
"ROBERTS, LE",100.0,1,874,1,0.1376,0,0,1.0,1,0,0,0,0,DWK-0984-2022,0.0,0000-0002-8684-9755
"Munro, Josephine",100.0,1,874,1,0.3814,0,0,1.0,1,1,0,0,0,DHF-9879-2022,0.0,
"Noori Rahim Abadi, Seyyed Mohammad Ali",100.0,1,874,1,0.0785,0,0,1.0,1,0,0,0,0,CBE-0670-2022,0.0,
"Shafie, Akram",0.0,1,923,0,0.0,1,0,0.0,0,1,0,0,0,GDK-2316-2022,0.0,0000-0002-5561-8209
"Tournet, J.",0.0,1,923,0,0.0,0,0,0.0,0,1,0,0,0,GHH-1428-2022,0.0,0000-0002-1994-3282
"Carter, Josh",0.0,1,923,0,0.0,0,0,0.0,0,0,0,0,0,DTA-8665-2022,0.0,0000-0003-1472-0466
"Smith, Jeffrey",0.0,1,923,0,0.0,0,0,0.0,0,1,0,0,0,JVD-7642-2023,0.0,
"Schulz, Daniel",0.0,1,923,0,0.0,0,0,0.0,0,0,0,0,0,GAJ-7791-2022,0.0,0000-0002-4507-3145
"Ma, Jinyong",0.0,2,923,0,0.0,0,1,0.0,0,0,1,0,0,JMP-7750-2023,0.0,
"Bhattacharjee, Subhransu S.",0.0,1,923,0,0.0,0,0,0.0,0,0,0,0,0,HCW-6882-2022,0.0,0000-0002-0734-4864
"McCreath, Eric",0.0,1,923,0,0.0,1,0,0.0,0,1,0,0,0,FKJ-6313-2022,0.0,
"Grishin, Dmitry",0.0,1,923,0,0.0,0,0,0.0,0,0,0,0,0,IDD-8307-2023,0.0,
"Shaw, Ben",0.0,1,923,0,0.0,0,1,0.0,0,0,1,0,0,DYL-3176-2022,0.0,0000-0002-8107-3425
"Khakimov, Roman I.",0.0,1,923,0,0.0,0,0,0.0,0,0,0,0,0,E-7950-2015,0.0,0000-0003-1483-1748
"Brand, Jack",0.0,1,923,0,0.0,0,0,0.0,0,1,0,0,0,HXG-6976-2023,0.0,
"Samarasinghe, Prasanga",0.0,2,923,0,0.0,0,0,0.0,0,2,2,0,0,JBX-6611-2023,0.0,
"Elahi, Usama",0.0,1,923,0,0.0,0,0,0.0,0,1,0,0,0,CPG-9686-2022,0.0,
"Drory, Ami",0.0,1,923,0,0.0,0,1,0.0,0,0,0,0,0,A-7930-2010,0.0,0000-0001-5089-7600
"Gratadour, Damien",0.0,1,923,0,0.0,0,0,0.0,0,1,0,0,0,HRQ-7447-2023,0.0,
"Bennett, Samantha",0.0,1,923,0,0.0,0,0,0.0,0,0,0,0,0,HZZ-9087-2023,0.0,0000-0003-2729-4734
"Han, Yan",0.0,1,923,0,0.0,1,1,0.0,0,0,0,0,0,CSF-7849-2022,0.0,
"Cook, Matthew",0.0,2,923,0,0.0,0,1,0.0,0,0,0,0,0,HHT-7267-2022,0.0,
"Loesel, Philipp",0.0,1,923,0,0.0,1,0,0.0,0,1,0,0,0,INY-9326-2023,0.0,
"Perumal, Madhusoothanan B.",0.0,1,923,0,0.0,0,0,0.0,0,1,0,0,0,GDE-6856-2022,0.0,0000-0002-9630-7650
"Hope, A. D.",0.0,1,923,0,0.0,0,0,0.0,0,0,0,0,0,FAA-9858-2022,0.0,
"Zhang, Lansheng",0.0,1,923,0,0.0,0,0,0.0,0,0,0,0,0,HLP-8751-2023,0.0,
"Zarrabian, Mohammad Amin",0.0,1,923,0,0.0,1,0,0.0,0,1,0,0,0,CHA-8098-2022,0.0,0000-0002-4918-2744
"Bell, Andrew",0.0,1,923,0,0.0,0,0,0.0,0,0,0,0,0,ICJ-8486-2023,0.0,
"Hairsine, Peter B",0.0,1,923,0,0.0,1,1,0.0,0,0,0,0,0,G-6156-2011,0.0,0009-0003-3962-0135
"Hammerle, Mara",0.0,1,923,0,0.0,1,0,0.0,0,0,0,0,0,GFX-1003-2022,0.0,0000-0001-5045-8472
"Tan, Hoe",0.0,1,923,0,0.0,1,0,0.0,0,1,0,0,0,IHJ-6762-2023,0.0,
"Gordon, Dan",0.0,1,923,0,0.0,1,0,0.0,0,0,0,0,0,FZL-6387-2022,0.0,0000-0001-5066-8592
"Huang, Yi",0.0,1,923,0,0.0,1,0,0.0,0,0,0,0,0,KAJ-4282-2024,0.0,
"Pringle, Sean",0.0,1,923,0,0.0,0,0,0.0,0,0,0,0,0,FSL-9297-2022,0.0,
"Damiani, Maurizio",0.0,1,923,0,0.0,0,0,0.0,0,0,0,0,0,ESM-3637-2022,0.0,
"Gilbert, James",0.0,1,923,0,0.0,0,0,0.0,0,0,0,0,0,N-9288-2014,0.0,0000-0001-5065-2101
"Samarasinghe, Prasanga N.",0.0,1,923,0,0.0,1,0,0.0,0,1,0,0,0,IVG-9261-2023,0.0,
"Li, Hongdong",0.0,1,923,0,0.0,1,0,0.0,0,1,0,0,0,INZ-9042-2023,0.0,
"Licata, Joan",0.0,1,923,0,0.0,0,0,0.0,0,1,0,0,0,IEW-6013-2023,0.0,
"Dall, Robert G",0.0,1,923,0,0.0,0,0,0.0,0,0,0,0,0,A-7346-2011,0.0,
"Liu, Moyang",0.0,2,923,0,0.0,2,0,0.0,0,2,0,0,0,JVH-1987-2024,0.0,0000-0002-9853-681X
"Ye, Haolei",0.0,1,923,0,0.0,1,0,0.0,0,1,0,0,0,GJP-4085-2022,0.0,
"Walker, Iain",0.0,1,923,0,0.0,0,1,0.0,0,0,0,0,0,HJU-8437-2023,0.0,
"Truscott, Andrew G",0.0,1,923,0,0.0,0,0,0.0,0,0,0,0,0,A-8086-2011,0.0,0000-0003-2106-8613
"Fitzgerald, Paul B.",0.0,1,923,0,0.0,0,0,0.0,0,1,0,0,0,GCU-3661-2022,0.0,0000-0003-4217-8096
"Travouillon, Tony D.",0.0,1,923,0,0.0,0,0,0.0,0,1,0,0,0,KFH-2884-2024,0.0,
"Nisbet, Debbie L.",0.0,1,923,0,0.0,1,0,0.0,0,0,0,0,0,HLU-3456-2023,0.0,0000-0002-1343-0769
"Harvey, Natasha",0.0,1,923,0,0.0,1,1,0.0,0,0,0,0,0,HTH-9005-2023,0.0,
"Barnes, Nick",0.0,1,923,0,0.0,0,0,0.0,0,1,0,0,0,GDR-4980-2022,0.0,0000-0002-9343-9535
"Martin, PE",0.0,1,923,0,0.0,0,0,0.0,0,1,0,0,0,DVP-7054-2022,0.0,0000-0003-3538-633X
"Cranney, Jesse",0.0,1,923,0,0.0,0,0,0.0,0,1,0,0,0,DVO-9873-2022,0.0,0000-0002-3015-9130
"Henson, Bryce M",0.0,1,923,0,0.0,0,0,0.0,0,0,0,0,0,B-4512-2015,0.0,0000-0002-3451-8188
"Daskalaki, Elena",0.0,1,923,0,0.0,1,0,0.0,0,1,0,0,0,KAX-7838-2024,0.0,
"Wade, Samuel",0.0,1,923,0,0.0,0,0,0.0,0,1,0,0,0,IHV-6230-2023,0.0,
"Gordon, Cameron E.",0.0,1,923,0,0.0,0,0,0.0,0,1,0,0,0,JXC-2474-2024,0.0,
"Dedman, Colin J.",0.0,1,923,0,0.0,0,0,0.0,0,0,0,0,0,HKC-9476-2023,0.0,
"Bhardwaj, Abhishek",0.0,1,923,0,0.0,0,0,0.0,0,0,0,0,0,JXI-9857-2024,0.0,0000-0002-5346-877X
"I. Maalouf, Aline",0.0,1,923,0,0.0,1,1,0.0,0,0,0,0,0,FKY-0938-2022,0.0,
"Nishimoto, Shingo",0.0,1,923,0,0.0,1,0,0.0,0,1,0,0,0,KAP-7025-2024,0.0,
"Leys, John",0.0,1,923,0,0.0,0,0,0.0,0,0,0,0,0,FZZ-7595-2022,0.0,0000-0002-9710-9832

Filter Summary:
Dataset: InCites Dataset + ESCI
Schema:  Essential Science Indicators
"Time Period:  [2013, 2023]"
Include Early Access documents:  true
Funding Data Source:  All Sources
Domestic/International Collaboration:  All
Affiliated Organization:  [Australian National University]
Research Area:  [Engineering]
"Times Cited:  [0, 1039734]"
"Authors per Document:  [1, 30]"

"Exported date  Aug 14, 2024. "
"InCites dataset updated  2024-07-26. Includes Web of Science content indexed through 2024-06-30. "

